,Case,Planform,Span,Wing_Sweep,Wing_AR,Wing_dhl,Wing_TR,Wing_Twist,Mass,Power,PowerConstraint,AreaCoverage,Airspeed,CD,CL,L/D,AoA,Fuse_L,Fuse_D,Fuse_x,S_VTail,S_HorTail,S_VerTail,SM,cgx,RTG_h,n_RTG,Batt_h,PropulsionN,PropD,PropBlade,Check,TailCheck,Planet,mTotal,mRTG,mBattery,mPayload,mEmpty,mWing,mFuselage,mFC,mStabilizer,mProp,mAvionic,mInsulation,mRadiator,mHeater,mSpanels,mWingFold,Tail_type,Winglet,Wing_folding,Num_wing_fold,Season,t_mission,Sensor_Swath_width,Aeroshell_Diameter
0,2,0.738052002,3.151518877,0,13.45714286,2.872684492,0.35,0,135.1423781,221.2100708,LowAcc,400000,13.52060651,0.025181385,0.507198169,20.1417902,1.325316069,2.285389508,0.685616852,0.066551233,0.086316775,0.044378411,0.041938364,0.148844723,0.068568019,1.700606932,2,0,1,0.230908136,3,1,1,Titan,135.1423781,51.50603392,0,52.2544,82.8879781,6.067991653,6.247285379,0.073778301,0.421435282,0.239384348,13.50435848,4.813127168,0,0.014583564,0,0.0,V-tail,yes,no,0,spring,0.009374753,100,5.0
1,4,0.37155936,2.513266623,0,17.0,1.460846448,0.35,0,168.0190195,366.3703062,LowAcc,400000,15.80993483,0.054141506,0.916084448,16.92018785,3.090658644,2.603043168,0.69889731,0.21133959,0.165599481,0.1569382,0.008661281,0.319549637,0.207011519,2.603043168,3,0,6,0.305363013,3,1,1,Titan,168.0190195,84.56305709,0,52.2544,115.7646195,4.996537178,8.107045471,0.098633613,0.808527241,0.364568706,16.79390556,0.017761096,0,0.014583564,0,0.0,V-tail,no,yes,0,spring,0.00801726,100,5.0
2,11,1.156900736,3.069279626,0,8.142857143,2.237357372,0.35,0,196.1616177,459.123204,LowAcc,400000,17.80876005,0.017760975,0.270717295,15.24225461,0.271710925,2.743306505,0.73462841,0.06521175,0.073039692,0.044378411,0.028661281,0.150056108,0.070638525,2.743306505,3,0,1,0.342031858,3,1,1,Titan,196.1616177,104.2165779,0,52.2544,143.9072177,9.312134374,9.81742312,0.130348731,0.356610904,0.433051461,19.61051612,0.015971558,0,0.014583564,0,0.0,V-tail,no,yes,0,winter,0.007117416,100,4.7
3,15,0.37155936,2.424399969,0,15.81904762,1.460846448,0.35,0,183.7723384,413.8563733,LowAcc,400000,17.03864352,0.05144801,0.862675237,16.76790289,3.171688982,2.700971543,0.723843876,0.051354148,0.054678233,0.044378411,0.010299822,0.155788456,0.051831529,2.700971543,3,0,6,0.331392071,3,1,1,Titan,183.7723384,98.28665721,0,52.2544,131.5179384,5.72590955,8.315918332,0.110659775,0.266962436,0.412730234,18.36808894,0.016428355,0,0.014583564,0,0.0,V-tail,no,no,0,summer,0.00743911,100,4.25
4,16,0.37155936,2.513266623,0,17.0,1.460846448,0.35,0,142.1851374,256.1504607,LowAcc,400000,14.04214974,0.053922891,0.9827074,18.22430835,3.603915931,2.354532301,0.70635969,0.0843445,0.122300917,0.113164949,0.009135968,0.163506286,0.083790027,1.754891288,2,0,6,0.25001212,3,1,1,Titan,142.1851374,59.11259653,0,52.2544,89.93073743,4.115992786,6.821820267,0.073978549,0.597125199,0.269677129,14.21248723,4.712476178,0,0.014583564,0,0.0,V-tail,yes,no,0,winter,0.009026563,100,2.9
5,21,0.37155936,2.378721979,0,15.22857143,2.872684492,0.35,0,145.8452876,271.0489069,LowAcc,400000,14.29532163,0.05643369,0.972616792,17.23468374,3.287597441,2.381828518,0.714548556,0.178087766,0.198106124,0.169444843,0.028661281,0.161241913,0.175224747,1.776321686,2,0,4,0.257163571,3,1,1,Titan,145.8452876,62.11546586,0,52.2544,93.59088758,3.779278675,7.08819131,0.075293459,0.967238525,0.281347465,14.57821748,4.691271248,0,0.014583564,0,0.0,V-tail,yes,yes,0,winter,0.008866702,100,3.8
6,22,0.947476369,3.064890117,0,9.914285714,1.460846448,0.35,0,168.3043844,343.0342915,LowAcc,400000,15.42349219,0.022537405,0.378117726,16.77734099,0.870766666,2.5294461,0.75883383,0.06108961,0.076316775,0.044378411,0.031938364,0.150296078,0.064455819,1.892216996,2,0,6,0.292827759,3,1,1,Titan,168.3043844,78.35500003,0,52.2544,116.0499844,6.774494123,8.564862782,0.10173084,0.37261102,0.342171494,16.82238005,4.702150516,0,0.014583564,0,0.0,V-tail,no,yes,0,winter,0.008218136,100,3.2
7,23,1.418681194,3.860428494,0,10.5047619,1.884397861,0.35,0,141.5474823,238.2161694,LowAcc,400000,13.10048734,0.015365703,0.294379704,19.15823162,0.19580836,2.320428436,0.696128531,0.053938671,0.073514379,0.044378411,0.029135968,0.150083387,0.061150511,1.728116171,2,0,1,0.240778816,3,1,1,Titan,141.5474823,55.36108043,0,52.2544,89.2930823,7.93451682,6.38299778,0.084521232,0.358928528,0.254874594,14.14879794,4.752781409,0,0.014583564,0,0.0,V-tail,yes,yes,0,spring,0.009675392,100,4.1
8,24,1.209256827,3.944503075,0,12.86666667,1.460846448,0.35,0,137.1655464,217.2814878,LowAcc,400000,12.72344881,0.017185207,0.354798869,20.64559731,0.479806859,2.281571895,0.684471569,0.086072318,0.170805766,0.138178235,0.032627531,0.149709978,0.09011084,1.697609705,2,0,5,0.22980708,3,1,1,Titan,137.1655464,51.08637101,0,52.2544,84.91114637,8.064166871,6.061471269,0.080956253,0.833946543,0.237678032,13.71094476,4.821028064,0,0.014583564,0,0.0,V-tail,no,no,0,fall,0.009962106,100,4.1
9,35,0.68569591,3.41421008,0,17.0,1.460846448,0.35,0,139.661294,238.6614067,LowAcc,400000,12.98201777,0.029065652,0.61196352,21.05452559,1.938909508,2.320492267,0.69614768,0.06789851,0.084203546,0.044378411,0.039825135,0.15236717,0.069183021,1.728166285,2,0,3,0.240796428,3,1,1,Titan,139.661294,55.36815007,0,52.2544,87.40689403,6.221077652,6.34415577,0.079897597,0.411117597,0.254902543,13.96031917,4.752690071,0,0.014583564,0,0.0,V-tail,yes,yes,0,summer,0.009763686,100,5.0
10,37,0.68569591,2.970289668,0,12.86666667,2.519724981,0.35,0,154.3521815,290.2133933,LowAcc,400000,14.17781775,0.028679158,0.5670585,19.77249481,1.577161705,2.430257557,0.729077267,0.102073009,0.16196962,0.138178235,0.023791385,0.13901848,0.102249764,1.814343569,2,0,6,0.269384876,3,1,1,Titan,154.3521815,67.44344621,0,52.2544,102.0977815,5.926374952,7.430414535,0.088238803,0.790804712,0.301701552,15.42826319,4.67395401,0,0.014583564,0,0.0,V-tail,yes,yes,0,spring,0.008940188,100,2.9
11,38,0.37155936,2.513266623,0,17.0,2.80209259,0.35,0,168.0825142,351.3384658,LowAcc,400000,14.31050734,0.064834523,1.11853531,17.25215609,3.811453775,2.547520271,0.764256081,0.187619316,0.205563936,0.169444843,0.036119093,0.164087368,0.184580763,1.906407118,2,0,5,0.296900218,3,1,1,Titan,168.0825142,80.343975,0,52.2544,115.8281142,4.118681279,8.387402539,0.09544936,1.003650742,0.349390538,16.80022699,4.714754241,0,0.014583564,0,0.0,V-tail,yes,yes,0,summer,0.008857293,100,4.85
12,39,0.423915452,2.637470512,0,16.40952381,1.460846448,0.35,0,153.5051317,295.3745592,LowAcc,400000,14.56625491,0.047918626,0.864198027,18.03469973,3.145414217,2.4376588,0.73129764,0.051591092,0.058858962,0.044378411,0.014480551,0.155823673,0.052213057,1.820154322,2,0,6,0.271204106,3,1,1,Titan,153.5051317,68.25748225,0,52.2544,101.2507317,4.700107006,7.585018765,0.084455644,0.287374537,0.304775325,15.34360761,4.673327026,0,0.014583564,0,0.0,V-tail,no,yes,0,summer,0.00870178,100,5.0
13,42,1.418681194,3.51991701,0,8.733333333,1.672622154,0.35,0,158.6609305,302.3663081,LowAcc,400000,14.74901279,0.015257506,0.260330295,17.06244109,-0.031230516,2.446918352,0.734075506,0.064546989,0.095546336,0.056885055,0.038661281,0.150249542,0.071284613,1.827424043,2,0,4,0.273463068,3,1,1,Titan,158.6609305,69.27609863,0,52.2544,106.4065305,7.982623996,7.729006958,0.097081171,0.466497932,0.308607818,15.85880063,4.673229785,0,0.014583564,0,0.0,V-tail,no,no,0,spring,0.008593955,100,3.95
14,49,0.423915452,2.684504178,0,17.0,2.872684492,0.35,0,137.0267564,235.6366462,LowAcc,400000,13.87719975,0.046105457,0.849939242,18.43467773,3.123371953,2.313276096,0.693982829,0.05359658,0.061186671,0.044378411,0.01680826,0.15314256,0.054196034,1.722500832,2,0,2,0.238797102,3,1,1,Titan,137.0267564,54.57385748,0,52.2544,84.77235638,4.605427453,6.495912628,0.0716307,0.298739404,0.25173682,13.69704627,4.763422061,0,0.014583564,0,0.0,V-tail,yes,yes,0,fall,0.009133857,100,4.7
15,50,0.528627635,2.891778991,0,15.81904762,2.872684492,0.35,0,145.4454444,264.5041963,LowAcc,400000,14.13350545,0.037027621,0.697454545,18.83606137,2.351410692,2.371442462,0.711432739,0.07066798,0.081406243,0.050631733,0.03077451,0.151523993,0.071180957,1.768167541,2,0,6,0.254466173,3,1,1,Titan,145.4454444,60.97292967,0,52.2544,93.19104443,5.238757902,6.973608701,0.080233816,0.397459972,0.276924684,14.53826932,4.698276803,0,0.014583564,0,0.0,V-tail,no,no,0,spring,0.008968218,100,3.35
16,51,0.842764185,2.803171906,0,9.323809524,1.460846448,0.35,0,172.40293,381.7699043,LowAcc,400000,16.66923311,0.022634519,0.372797303,16.47029925,0.830810632,2.617654241,0.702619378,0.124006993,0.188876564,0.1569382,0.031938364,0.148437749,0.124531609,2.617654241,3,0,6,0.309385613,3,1,1,Titan,172.40293,86.61004969,0,52.2544,120.14853,6.422688672,8.45192992,0.105753446,0.92217588,0.371866505,17.23194947,0.017532813,0,0.014583564,0,0.0,V-tail,yes,yes,0,spring,0.00760397,100,5.0
17,55,0.476271544,2.845455367,0,17.0,2.590316883,0.35,0,134.7453628,225.6962012,LowAcc,400000,13.66489458,0.040981168,0.76720611,18.72094316,2.683917446,2.291460681,0.687438204,0.108152942,0.168876564,0.1569382,0.011938364,0.157990961,0.107122695,1.70537344,2,0,2,0.23264842,3,1,1,Titan,134.7453628,52.17392372,0,52.2544,82.49096278,4.60185822,6.296989556,0.071156751,0.824527357,0.24209015,13.46470411,4.801129346,0,0.014583564,0,0.0,V-tail,no,no,0,winter,0.009275765,100,4.25
18,58,1.418681194,3.967443211,0,11.0952381,2.096173568,0.35,0,155.5619619,287.1007747,LowAcc,400000,13.38805505,0.016057488,0.309776916,19.29174202,0.373795457,2.422710184,0.726813055,0.080123029,0.161315998,0.125671592,0.035644406,0.150416754,0.085274292,1.808418089,2,0,2,0.267516988,3,1,1,Titan,155.5619619,66.61353856,0,52.2544,103.3075619,8.091670229,7.178927599,0.098386615,0.787613451,0.298557362,15.5491717,4.675112852,0,0.014583564,0,0.0,V-tail,no,no,0,summer,0.00946757,100,4.85
19,60,0.37155936,2.513266623,0,17.0,1.602030252,0.35,0,142.3446356,256.8016665,LowAcc,400000,14.13934566,0.054392757,0.970330552,17.8393337,3.434828538,2.354817938,0.706445381,0.122274268,0.183925394,0.169444843,0.014480551,0.159215092,0.120726992,1.755115543,2,0,3,0.250088014,3,1,1,Titan,142.3446356,59.1439763,0,52.2544,90.0902356,3.899456724,6.84972843,0.0740587,0.898002158,0.269800042,14.22842337,4.712206314,0,0.014583564,0,0.0,V-tail,no,no,0,fall,0.008964513,100,5.0
20,62,1.418681194,3.273288992,0,7.552380952,2.660908785,0.35,0,180.8389113,396.997369,LowAcc,400000,16.85905725,0.013725942,0.227094142,16.54488535,-0.172729765,2.65575128,0.712324331,0.102369478,0.195129886,0.163191522,0.031938364,0.149306394,0.107400854,2.65575128,3,0,5,0.319636179,3,1,1,Titan,180.8389113,91.94833734,0,52.2544,128.5845113,8.246667722,8.820627225,0.118989203,0.952707263,0.390703853,18.07490563,0.016989482,0,0.014583564,0,0.0,V-tail,no,yes,0,winter,0.007518353,100,4.55
21,68,0.633339819,2.919408232,0,13.45714286,2.025581665,0.35,0,173.4230258,362.809807,LowAcc,400000,14.67052995,0.034973436,0.644234222,18.42067302,1.983389902,2.574143171,0.772242951,0.06416112,0.076316775,0.044378411,0.031938364,0.151991838,0.065378252,1.927308892,2,0,1,0.30279913,3,1,1,Titan,173.4230258,83.27268465,0,52.2544,121.1686258,6.248280334,8.724656209,0.105125519,0.37261102,0.359945236,17.33386174,4.736877485,0,0.014583564,0,0.0,V-tail,yes,yes,0,summer,0.00863993,100,5.0
22,73,0.387342985,2.451981793,0,15.5216822,2.80023841,0.35,0,143.1231603,259.8321148,LowAcc,400000,14.48247674,0.051213439,0.89205981,17.41847116,3.15701355,2.36113713,0.708341139,0.095314192,0.137169967,0.116568678,0.010601289,0.068650004,0.094606096,1.760076773,2,0,1,0.251761178,3,1,1,Titan,143.1231603,59.83904831,0,52.2544,90.86876031,4.015674322,6.970493921,0.074008303,0.669722237,0.2725149,14.3062104,4.706504348,0,0.014583564,0,0.0,V-tail,no,yes,0,winter,0.008752118,100,4.670608875
23,74,0.781078301,3.421509177,0,14.98790202,1.725155614,0.35,0,136.934235,224.490323,LowAcc,400000,13.24894309,0.023970915,0.505731993,21.09773401,1.360622128,2.295655788,0.688696736,0.087331656,0.137897781,0.106131057,0.031766724,0.152533387,0.0884413,1.70866704,2,0,6,0.233843368,3,1,1,Titan,136.934235,52.63559271,0,52.2544,84.67983498,6.293385802,6.260572129,0.077419541,0.673275736,0.243954343,13.68781653,4.793234621,0,0.014583564,0,0.0,V-tail,no,yes,0,winter,0.009566978,100,4.345833484
24,78,1.237193824,3.92692604,0,12.46429446,1.983309366,0.35,0,138.8790727,228.9152911,LowAcc,400000,12.44742433,0.01836684,0.366864345,19.97427728,0.779171561,2.302252564,0.690675769,0.104563054,0.217088042,0.163493363,0.053594679,0.150996528,0.10721241,1.713846202,2,0,3,0.235710163,3,1,1,Titan,138.8790727,53.3617441,0,52.2544,86.62467267,7.087451599,6.107708964,0.08276793,1.059916339,0.24687687,13.88217021,4.781453096,0,0.014583564,0,0.0,V-tail,yes,no,0,spring,0.010183018,100,4.525757746
25,84,1.386513402,3.286901048,0,7.79200438,2.633687284,0.35,0,172.102635,348.6959072,LowAcc,400000,15.48443727,0.016371034,0.262142855,16.01260202,-0.076112606,2.539654743,0.761896423,0.081586004,0.15604141,0.107344444,0.048696966,0.150181343,0.087452267,1.900231853,2,0,2,0.295134869,3,1,1,Titan,172.102635,79.47806769,0,52.2544,119.848235,8.542935335,8.68664817,0.106944627,0.761860665,0.346254392,17.20191998,4.709020578,0,0.014583564,0,0.0,V-tail,yes,yes,0,winter,0.00818579,100,3.922489202
26,87,0.562556102,2.802316836,0,13.95946044,2.864933741,0.35,0,141.8859466,249.1762416,LowAcc,400000,14.14143558,0.033639882,0.638633908,18.98442752,1.983990764,2.343675656,0.703102697,0.061390707,0.072969547,0.048359195,0.024610352,0.15086522,0.062538802,1.746367681,2,0,3,0.24711022,3,1,1,Titan,141.8859466,57.91816713,0,52.2544,89.63154662,5.321349146,6.773705209,0.076353976,0.356268426,0.264992565,14.18259262,4.723533984,0,0.014583564,0,0.0,V-tail,yes,yes,0,spring,0.008963188,100,3.068487067
27,92,0.663001831,3.280545436,0,16.23220006,1.848087489,0.35,0,134.7994937,219.3017018,LowAcc,400000,13.26138519,0.029168862,0.585411411,20.06973744,1.704820606,2.282628715,0.684788615,0.075473439,0.149684524,0.135555778,0.014128746,0.158527138,0.076432483,1.698439419,2,0,3,0.23011241,3,1,1,Titan,134.7994937,51.20241562,0,52.2544,82.54509373,5.828842386,6.166746499,0.074594282,0.730823638,0.238150768,13.47012414,4.818812837,0,0.014583564,0,0.0,V-tail,no,yes,0,fall,0.009558002,100,4.368049621
28,94,1.343245521,3.680515057,0,10.08467244,2.73987427,0.35,0,145.5836515,251.89479,LowAcc,400000,13.7612462,0.015942181,0.289805823,18.17855562,0.222439849,2.351558928,0.705467678,0.065997075,0.120530565,0.094677859,0.025852706,0.149325451,0.071917654,1.752556878,2,0,1,0.24922072,3,1,1,Titan,145.5836515,58.78550891,0,52.2544,93.32925151,7.501431206,6.816728309,0.086682353,0.588481586,0.268396635,14.55209029,4.715348653,0,0.014583564,0,0.0,V-tail,no,no,0,fall,0.009210819,100,3.868890072
29,96,1.182605358,3.507502836,0,10.40294301,2.751008738,0.35,0,157.5202597,273.8906743,LowAcc,400000,14.04449345,0.018965876,0.341939953,18.02922014,0.560039951,2.38910754,0.716732262,0.087856084,0.173775504,0.144551682,0.029223822,0.150164459,0.091428614,1.782036483,2,0,3,0.259037289,3,1,1,Titan,157.5202597,62.91637868,0,52.2544,99.22661003,7.469546123,7.168816057,0.092918168,0.848446069,0.284434579,15.74438896,4.687097821,0,0.014583564,0,6.039249679,V-tail,yes,yes,2,summer,0.009025057,100,3.35000428
30,99,0.58845535,3.11053279,0,16.44205331,2.307343399,0.35,0,172.6631267,361.7180126,LowAcc,400000,14.19568533,0.03921352,0.737290754,18.80195287,2.554297766,2.568797917,0.770639375,0.096921027,0.141978062,0.116090999,0.025887063,0.15556186,0.096597726,1.923112306,2,0,3,0.301624023,3,1,1,Titan,172.6631267,82.68489619,0,52.2544,120.4087267,6.018664208,8.542592079,0.10690888,0.693197406,0.357833439,17.25794195,4.732109024,0,0.014583564,0,0.0,V-tail,no,no,0,summer,0.008928935,100,3.470386096
31,101,0.892657274,3.178412509,0,11.31711618,1.504753791,0.35,0,141.4658385,240.6606074,LowAcc,400000,13.93615479,0.022295814,0.413186703,18.53203065,0.817103147,2.326202142,0.697860643,0.079819388,0.124721587,0.079191306,0.045530281,0.150808062,0.082407143,1.732649137,2,0,2,0.242366729,3,1,1,Titan,141.4658385,55.9959141,0,52.2544,89.21143851,6.758897061,6.61139978,0.078904365,0.608943941,0.257398879,14.14062372,4.744773105,0,0.014583564,0,0.0,V-tail,yes,yes,0,spring,0.009095217,100,4.58844916
32,105,0.55168093,2.516909674,0,11.48278645,2.83536251,0.35,0,160.1643362,317.0269188,LowAcc,400000,15.14750465,0.037254238,0.640709388,17.1982952,1.836646462,2.477957593,0.743387278,0.146185823,0.203906472,0.168764003,0.035142469,0.15309581,0.14460189,1.851793108,2,0,6,0.280902925,3,1,1,Titan,160.1643362,72.69066561,0,52.2544,107.9099362,5.051625964,8.060945075,0.088059721,0.995558296,0.32135293,16.00900833,4.678136679,0,0.014583564,0,0.0,V-tail,yes,yes,0,spring,0.00836787,100,2.950579051
33,111,0.549699072,2.805155777,0,14.31492126,2.115925063,0.35,0,142.0176907,252.5505351,LowAcc,400000,14.01382542,0.035955194,0.666146065,18.52711642,2.081917675,2.345792351,0.703737705,0.080763929,0.103960442,0.079441419,0.024519023,0.155782417,0.081086666,1.748029509,2,0,6,0.247678665,3,1,1,Titan,142.0176907,58.15107384,0,52.2544,89.76329068,5.06467619,6.765912746,0.076545448,0.507579183,0.265907883,14.19575808,4.721253747,0,0.014583564,0,0.0,V-tail,yes,yes,0,fall,0.009044807,100,4.83960631
34,112,0.827450833,3.628205417,0,15.90895075,2.487830795,0.35,0,137.4657361,225.9403321,LowAcc,400000,12.54097271,0.024445694,0.534878633,21.88027993,1.500153829,2.297636773,0.689291032,0.111104244,0.190497666,0.15937581,0.031121856,0.152157923,0.111130294,1.710222322,2,0,6,0.234405521,3,1,1,Titan,137.4657361,52.85388763,0,52.2544,85.21133609,6.465370399,6.092540363,0.07947357,0.930090791,0.244833102,13.74094031,4.789616357,0,0.014583564,0,0.0,V-tail,yes,yes,0,spring,0.010107059,100,4.466925563
35,117,0.726812929,3.109263633,0,13.30124982,2.808657123,0.35,0,137.9272495,231.8404126,LowAcc,400000,13.79744845,0.025737801,0.504772052,19.61208955,1.322149206,2.305964481,0.691789344,0.105814459,0.16690419,0.138750707,0.028153483,0.150529537,0.106072703,1.716760447,2,0,3,0.236754113,3,1,1,Titan,137.9272495,53.76951163,0,52.2544,85.67284946,5.750895535,6.436585164,0.075671078,0.814897386,0.248516626,13.78703386,4.775154615,0,0.014583564,0,0.0,V-tail,no,no,0,summer,0.009186652,100,3.784143176
36,118,0.830232934,2.868863308,0,9.913334369,2.415895986,0.35,0,169.540685,361.5002941,LowAcc,400000,16.61778456,0.02229635,0.374449416,16.7942026,0.620216068,2.599563646,0.698010926,0.104159931,0.188404098,0.164315307,0.024088791,0.140700554,0.10529883,2.599563646,3,0,4,0.304397222,3,1,1,Titan,169.540685,84.07557098,0,52.2544,117.286285,6.792008058,8.053513216,0.104132478,0.9198691,0.362824533,16.94596587,0.017817239,0,0.014583564,0,0.0,V-tail,no,yes,0,spring,0.007627512,100,4.935189144
37,119,0.547287474,3.047388441,0,16.96836992,1.723334811,0.35,0,135.5091315,225.1585959,LowAcc,400000,13.43737285,0.03537477,0.69436808,19.62890713,2.288464946,2.294104463,0.688231339,0.133204145,0.180450059,0.158372955,0.022077104,0.155163689,0.131442511,1.707449087,2,0,6,0.233402196,3,1,1,Titan,135.5091315,52.46487321,0,52.2544,83.25473154,4.973600687,6.266823199,0.073450531,0.881034092,0.243265493,13.54098375,4.796117005,0,0.014583564,0,0.0,V-tail,no,no,0,fall,0.009432822,100,3.241717207
38,120,0.398003863,2.436312379,0,14.91346833,2.527573952,0.35,0,168.1653749,346.2546338,LowAcc,400000,14.78366234,0.056486933,0.978927781,17.33016331,3.416655478,2.546533449,0.763960035,0.111898024,0.14584746,0.123295545,0.022551915,0.15638076,0.110771458,1.90563236,2,0,1,0.296679311,3,1,1,Titan,168.1653749,80.23515706,0,52.2544,115.9109749,4.469344778,8.513956499,0.094335459,0.712089456,0.348997527,16.80849636,4.714014234,0,0.014583564,0,0.0,V-tail,yes,yes,0,summer,0.008573813,100,3.979979839
39,121,0.503362388,2.84243943,0,16.05098455,2.101356124,0.35,0,140.1564991,244.6756208,LowAcc,400000,13.86440906,0.038963702,0.733491664,18.82499944,2.517264835,2.331983878,0.699595163,0.120804739,0.165532296,0.15469931,0.010832986,0.164086498,0.119502237,1.737188407,2,0,6,0.243946493,3,1,1,Titan,140.1564991,56.6319965,0,52.2544,87.90209908,4.732328076,6.632605383,0.075426977,0.808199215,0.259919056,14.00978352,4.737256791,0,0.014583564,0,0.0,V-tail,no,yes,0,fall,0.009142283,100,4.578661397
40,122,0.620421027,3.012439213,0,14.62682536,2.293606423,0.35,0,146.2955175,263.2237367,LowAcc,400000,13.61825492,0.032846092,0.643823794,19.60122982,1.969947582,2.372480439,0.711744132,0.133557225,0.197611603,0.168473681,0.029137922,0.153698347,0.132161595,1.768982462,2,0,1,0.254737034,3,1,1,Titan,146.2955175,61.08735906,0,52.2544,94.04111753,5.434077164,6.860266957,0.081895517,0.964824063,0.277367657,14.62322391,4.697519639,0,0.014583564,0,0.0,V-tail,yes,no,0,spring,0.009307533,100,4.78576342
41,124,0.93621391,3.014363118,0,9.705458241,2.158596773,0.35,0,155.4338793,296.2756984,LowAcc,400000,15.15735742,0.021560459,0.36592244,16.97192238,0.813840666,2.434484841,0.730345452,0.075627666,0.135535632,0.115235733,0.020299899,0.150079191,0.078485784,1.817662431,2,0,1,0.270425444,3,1,1,Titan,155.4338793,67.90806041,0,52.2544,103.1794793,6.273658877,7.718651787,0.089457607,0.661742717,0.30345831,15.53633087,4.673535124,0,0.014583564,0,0.0,V-tail,no,yes,0,winter,0.008362431,100,4.352428543
42,125,1.389939712,3.451270774,0,8.569630647,1.531552372,0.35,0,154.1046238,285.4972217,LowAcc,400000,14.41055619,0.015827696,0.270348304,17.08071155,0.001791089,2.410717455,0.723215237,0.08263076,0.175501552,0.147996971,0.027504581,0.150061132,0.088344873,1.799002537,2,0,3,0.264521795,3,1,1,Titan,154.1046238,65.29361469,0,52.2544,101.8502238,7.843346677,7.374638121,0.092023514,0.856873371,0.293540608,15.40352847,4.678074795,0,0.014583564,0,0.0,V-tail,yes,no,0,summer,0.008795799,100,4.46055503
43,127,1.329537825,3.690695737,0,10.24509026,1.55745516,0.35,0,139.6715479,233.0028377,LowAcc,400000,13.56783688,0.015632379,0.288969131,18.48529513,0.21687383,2.309370349,0.692811105,0.066363279,0.119577061,0.090577857,0.028999204,0.150171232,0.072229596,1.719434411,2,0,2,0.237707954,3,1,1,Titan,139.6715479,54.14431137,0,52.2544,87.41714792,7.198028379,6.41382304,0.081639554,0.583826173,0.25001824,13.96133795,4.769579646,0,0.014583564,0,0.0,V-tail,no,no,0,spring,0.009342119,100,4.210203501
44,128,1.109831266,3.217203681,0,9.326101941,2.403742418,0.35,0,173.979229,359.1794075,LowAcc,400000,15.47151416,0.020123067,0.331619636,16.47957746,0.581295774,2.565392971,0.769617891,0.058481229,0.079715043,0.056427058,0.023287985,0.149678779,0.063033448,1.920439066,2,0,6,0.300873083,3,1,1,Titan,173.979229,82.30963578,0,52.2544,121.724829,7.540392004,8.887254456,0.108692311,0.389202813,0.356486317,17.38942617,4.72915554,0,0.014583564,0,0.0,V-tail,no,no,0,fall,0.008192627,100,3.758646443
45,130,1.188266051,3.105408366,0,8.115658198,2.390671044,0.35,0,203.7852981,485.107183,LowAcc,400000,17.89140715,0.017667792,0.271291129,15.35512358,0.282975645,2.786666743,0.745674126,0.072890198,0.094648933,0.063274119,0.031374814,0.150031145,0.078013041,2.786666743,3,0,3,0.352596661,3,1,1,Titan,203.7852981,110.2923783,0,52.2544,151.5308981,9.553040333,10.22881,0.138260715,0.462116428,0.453589438,20.37255832,0.01556098,0,0.014583564,0,0.0,V-tail,no,no,0,spring,0.007084538,100,4.337875833
46,133,0.443395495,2.272309973,0,11.64511744,1.75636542,0.35,0,165.7610441,342.3394602,LowAcc,400000,15.84076358,0.046793483,0.75440473,16.12200433,2.406147677,2.526166838,0.757850051,0.061808925,0.074229854,0.05494521,0.019284644,0.152869747,0.062372509,1.88964243,2,0,2,0.292082792,3,1,1,Titan,165.7610441,77.99404215,0,52.2544,113.5066441,4.804430645,8.632237001,0.089760996,0.362421782,0.340856928,16.56822711,4.700083877,0,0.014583564,0,0.0,V-tail,yes,no,0,spring,0.008001657,100,4.670163372
47,137,0.941515063,3.387907351,0,12.19090025,2.718293135,0.35,0,150.4927336,261.2264458,LowAcc,400000,14.05898987,0.021803551,0.40949203,18.78097903,0.829743075,2.39999127,0.719997381,0.057570403,0.078928793,0.054915339,0.024013454,0.149196811,0.060720504,1.790581354,2,0,5,0.261813895,3,1,1,Titan,150.4927336,64.11385208,0,52.2544,98.23833363,6.495852369,7.126025071,0.089063778,0.385364005,0.289031644,15.04262021,4.681940904,0,0.014583564,0,0.0,V-tail,no,yes,0,winter,0.009015751,100,3.596799674
48,140,0.788141383,2.704033094,0,9.277263106,2.170498724,0.35,0,185.7432906,426.9376814,LowAcc,400000,17.4951764,0.024356042,0.389886127,16.00777827,0.928343716,2.692912561,0.721790906,0.081368978,0.106577331,0.082269548,0.024307783,0.150473297,0.08336709,2.692912561,3,0,4,0.329327712,3,1,1,Titan,185.7432906,97.15528243,0,52.2544,133.4888906,7.413112379,9.27956428,0.11568807,0.520355951,0.408829839,18.56495171,0.016522418,0,0.014583564,0,0.0,V-tail,yes,no,0,spring,0.007244988,100,4.402573305
49,145,1.14722725,4.265626848,0,15.86047787,2.403255572,0.35,0,144.4692319,206.7812237,LowAcc,400000,12.1034882,0.019786525,0.435281528,21.99888686,1.008841469,2.296607374,0.688982212,0.073580256,0.12760939,0.071960228,0.055649162,0.135904362,0.076674194,1.709414135,2,0,5,0.234113572,3,1,1,Titan,144.4692319,52.74072603,0,52.2544,86.66357647,7.624637848,6.096612768,0.087750771,0.623043426,0.244376586,14.44035762,4.791487853,0,0.014583564,0,5.551255388,V-tail,yes,yes,2,summer,0.010472382,100,4.094839171
50,146,0.742563037,2.939866567,0,11.63916732,2.570426122,0.35,0,152.0339142,282.7488216,LowAcc,400000,14.65303765,0.026595245,0.482855573,18.15571097,1.187539882,2.410907269,0.723272181,0.105014606,0.166794864,0.135168441,0.031626423,0.150767005,0.105541241,1.79915156,2,0,6,0.264569465,3,1,1,Titan,152.0339142,65.3144198,0,52.2544,99.77951416,5.980602612,7.401516148,0.085785083,0.81436361,0.293620211,15.19660622,4.678016904,0,0.014583564,0,0.0,V-tail,no,yes,0,spring,0.008650244,100,4.226168693
51,148,0.864855703,3.754438559,0,16.29845169,2.840323744,0.35,0,150.697445,250.332354,LowAcc,400000,12.86527048,0.024154528,0.53307685,22.06943811,1.515000662,2.342528677,0.702758603,0.093424892,0.148318259,0.087643696,0.060674563,0.152192536,0.094379594,1.745467182,2,0,1,0.246801649,3,1,1,Titan,150.697445,57.79256775,0,52.2544,92.5297047,7.329424115,6.527781918,0.089237905,0.72415295,0.264496174,15.06266506,4.724795256,0,0.014583564,0,5.913340289,V-tail,yes,yes,2,summer,0.009852288,100,3.497533076
52,155,0.632402277,2.979583132,0,14.03839923,1.679020915,0.35,0,155.1053382,296.479972,LowAcc,400000,14.28749927,0.03204821,0.608395941,18.98377283,1.842455226,2.438401863,0.731520559,0.096860181,0.146651604,0.119259135,0.027392469,0.15133398,0.096940823,1.820737705,2,0,3,0.271386078,3,1,1,Titan,155.1053382,68.33939702,0,52.2544,102.8509382,5.697161766,7.512745198,0.089142598,0.71601563,0.305083408,15.50351763,4.673291346,0,0.014583564,0,0.0,V-tail,no,no,0,spring,0.008871556,100,4.660380883
53,158,0.483372258,2.750003939,0,15.64533657,1.697573095,0.35,0,146.9213743,270.8783388,LowAcc,400000,14.29476996,0.042026018,0.753207003,17.92239749,2.581581556,2.385266808,0.715580042,0.074810878,0.099982919,0.083652979,0.01632994,0.150063404,0.07499188,1.779021105,2,0,6,0.258050329,3,1,1,Titan,146.9213743,62.49372572,0,52.2544,94.66697432,4.81215222,7.120474483,0.080101731,0.488159221,0.282806958,14.68574452,4.689225898,0,0.014583564,0,0.0,V-tail,no,no,0,winter,0.008867044,100,4.940432267
54,159,1.299331908,3.91547324,0,11.79908736,2.468216421,0.35,0,145.6695954,239.4593569,LowAcc,400000,13.19707754,0.017005616,0.325955793,19.16753824,0.512960814,2.360163666,0.7080491,0.058133772,0.094513381,0.06594239,0.028570991,0.140477945,0.063051781,1.759312501,2,0,6,0.251504154,3,1,1,Titan,145.6695954,59.73252592,0,52.2544,93.41519537,6.900118069,6.677141109,0.089236653,0.461454605,0.27209722,14.56068865,4.707349589,0,0.014583564,0,0.0,V-tail,no,yes,0,winter,0.009604577,100,4.860095069
55,161,0.770459353,2.982741567,0,11.54732851,2.474533424,0.35,0,171.5662573,353.8280955,LowAcc,400000,14.80934968,0.027801687,0.514133142,18.49287591,1.297171758,2.551669027,0.765500708,0.08621605,0.151891454,0.129402826,0.022488628,0.150352882,0.087493235,1.909664328,2,0,1,0.297827155,3,1,1,Titan,171.5662573,80.80018039,0,52.2544,119.3118573,6.873303302,8.561235293,0.103652027,0.741598811,0.351041404,17.14833313,4.717929371,0,0.014583564,0,0.0,V-tail,yes,yes,0,summer,0.008558941,100,4.554402417
56,162,0.521641619,2.830726848,0,15.36114872,2.448865917,0.35,0,136.8774073,230.4570829,LowAcc,400000,13.86972763,0.036680424,0.690699436,18.83019201,2.310821793,2.306123629,0.691837089,0.109681174,0.167201016,0.158075248,0.009125768,0.162414721,0.108847971,1.716885395,2,0,2,0.236798769,3,1,1,Titan,136.8774073,53.78698795,0,52.2544,84.62300734,4.779694517,6.447148504,0.072644098,0.816346617,0.248586855,13.68212545,4.774889789,0,0.014583564,0,0.0,V-tail,no,yes,0,winter,0.009138777,100,2.828760065
57,164,0.481777783,2.484683642,0,12.8143161,2.089939607,0.35,0,161.8395863,328.1055956,LowAcc,400000,15.26522696,0.045465667,0.729956348,16.05511138,2.279719802,2.500172702,0.750051811,0.097650693,0.117244975,0.095623469,0.021621506,0.160951968,0.097310591,1.869234303,2,0,1,0.286108952,3,1,1,Titan,161.8395863,75.13452139,0,52.2544,109.5851863,4.283124052,8.297929114,0.089591855,0.572439935,0.33038282,16.17639213,4.686221457,0,0.014583564,0,0.0,V-tail,no,no,0,winter,0.008303339,100,3.717900187
58,169,1.382637337,4.138924596,0,12.38986996,2.731278939,0.35,0,146.0184661,231.9931596,LowAcc,400000,12.80908375,0.016309439,0.325933351,19.98433887,0.512077793,2.305928557,0.691778567,0.086177097,0.18644526,0.157229541,0.029215719,0.149917084,0.090639258,1.716732243,2,0,3,0.236744031,3,1,1,Titan,146.0184661,53.76599702,0,52.2544,88.48464033,7.82091034,6.265886419,0.088064262,0.910305218,0.248500772,14.59517829,4.775214452,0,0.014583564,0,5.2794258,V-tail,no,yes,2,spring,0.009895505,100,3.177659593
59,170,1.125489379,4.13093695,0,15.16197345,2.482746711,0.35,0,146.8048236,216.2753221,LowAcc,400000,12.67017631,0.019308729,0.41143292,21.30813031,0.861064111,2.314375684,0.694312705,0.086127311,0.167470039,0.142407898,0.025062141,0.163134024,0.088606689,1.723364125,2,0,5,0.239102836,3,1,1,Titan,146.8048236,54.69533003,0,52.2544,89.10846201,7.490916848,6.31340079,0.08887769,0.817660102,0.252219999,14.67373977,4.761733216,0,0.014583564,0,5.441961549,V-tail,no,yes,2,fall,0.010003993,100,3.001763353
60,172,0.421075865,2.335004323,0,12.94836784,2.606129919,0.35,0,171.9871513,383.5181788,LowAcc,400000,16.88019364,0.044803023,0.72584892,16.20089153,2.477447004,2.6293685,0.705603503,0.109895631,0.117356323,0.101797567,0.015558756,0.17106857,0.109058272,2.6293685,3,0,1,0.312573298,3,1,1,Titan,171.9871513,88.25131369,0,52.2544,119.7327513,4.569877275,8.639251011,0.099309496,0.572983583,0.377687502,17.19038705,0.017358093,0,0.014583564,0,0.0,V-tail,no,no,0,spring,0.007508939,100,4.096433646
61,174,0.554387461,2.697896217,0,13.12916419,1.746811146,0.35,0,137.533277,234.6188102,LowAcc,400000,14.06374215,0.034303868,0.63512328,18.51462597,1.886584727,2.310133653,0.693040096,0.136662392,0.18871108,0.155304648,0.033406432,0.154514455,0.135173905,1.720033685,2,0,1,0.2379212,3,1,1,Titan,137.533277,54.22807441,0,52.2544,85.27887701,4.756633191,6.520021942,0.071825006,0.921367917,0.250354391,13.74765996,4.768356626,0,0.014583564,0,0.0,V-tail,yes,yes,0,winter,0.009012704,100,4.76276618
62,179,0.95748469,3.150855192,0,10.36871769,1.981565432,0.35,0,153.6522255,286.6122504,LowAcc,400000,14.52703791,0.021568206,0.385051046,17.85271555,0.628089273,2.413863778,0.724159133,0.074468635,0.110772304,0.065738914,0.04503339,0.15102106,0.077780299,1.80147273,2,0,6,0.265310863,3,1,1,Titan,153.6522255,65.63971244,0,52.2544,101.3978255,7.367901783,7.415515164,0.088935342,0.540837597,0.294859253,15.35831883,4.677161503,0,0.014583564,0,0.0,V-tail,yes,yes,0,fall,0.008725272,100,3.714276037
63,185,0.580686809,3.133002574,0,16.90361306,1.490353516,0.35,0,148.3101199,271.681479,LowAcc,400000,13.2944417,0.03713673,0.73173537,19.70381823,2.433480858,2.389514982,0.716854495,0.14516654,0.200310397,0.164365985,0.035944412,0.156067627,0.143081895,1.782356368,2,0,6,0.25914177,3,1,1,Titan,148.3101199,62.96155229,0,52.2544,96.05571988,5.306752293,6.913869439,0.084938729,0.978000726,0.284607079,14.82453411,4.686881651,0,0.014583564,0,0.0,V-tail,yes,yes,0,summer,0.009534236,100,4.435790312
64,186,1.292965832,3.382450097,0,8.848624128,2.795573378,0.35,0,168.0165985,337.8797761,LowAcc,400000,15.19398106,0.017483052,0.285027923,16.30309888,0.168836129,2.517290177,0.755187053,0.06276757,0.088683956,0.059266296,0.02941766,0.150128757,0.068551635,1.882673319,2,0,4,0.290056637,3,1,1,Titan,168.0165985,77.01778895,0,52.2544,115.7621985,7.953690415,8.412777564,0.104599549,0.432992868,0.337290984,16.79363445,4.694840115,0,0.014583564,0,0.0,V-tail,no,no,0,summer,0.008342274,100,3.964088699
65,187,0.39312953,2.227685783,0,12.62327953,1.599746399,0.35,0,176.5050396,403.7483584,LowAcc,400000,17.44507791,0.046280474,0.747035166,16.14147604,2.63946704,2.653260342,0.711689782,0.06144064,0.066751188,0.056789615,0.009961573,0.154682688,0.061862919,2.653260342,3,0,4,0.318976021,3,1,1,Titan,176.5050396,91.59904247,0,52.2544,124.2506396,5.253371448,8.908373823,0.10102997,0.325907748,0.389480308,17.64182738,0.01702289,0,0.014583564,0,0.0,V-tail,no,no,0,winter,0.007265795,100,4.017504669
66,189,1.06285562,3.344035949,0,10.52125634,2.044407244,0.35,0,161.3701865,316.0035561,LowAcc,400000,14.69187938,0.01997435,0.356171979,17.83146779,0.765614395,2.47513488,0.742540464,0.057637363,0.073983783,0.044778591,0.029205192,0.150010637,0.061901166,1.849576983,2,0,5,0.280234508,3,1,1,Titan,161.3701865,72.38038106,0,52.2544,109.1157865,7.224367771,7.909878076,0.098266421,0.361220359,0.320200192,16.129516,4.67737302,0,0.014583564,0,0.0,V-tail,no,yes,0,spring,0.008627375,100,4.738729022
67,192,1.078220749,3.954330145,0,14.50234278,1.652948268,0.35,0,137.405022,204.3054893,LowAcc,400000,12.53074609,0.01962831,0.410966566,20.93744052,0.848982456,2.293086804,0.687926041,0.09975587,0.198507548,0.167048123,0.031459425,0.139477781,0.101462648,1.706650118,2,0,4,0.233112337,3,1,1,Titan,137.405022,52.35325979,0,52.2544,85.15062199,6.860811495,6.095277707,0.081774015,0.969198448,0.242813283,13.73487232,4.798031363,0,0.014583564,0,0.0,V-tail,no,yes,0,winter,0.010115308,100,3.996187324
68,196,0.840668423,3.082721557,0,11.30430493,2.225115569,0.35,0,141.1012251,241.7055127,LowAcc,400000,13.94259969,0.024142885,0.437203835,18.10901388,0.939568683,2.324872431,0.697461729,0.114539682,0.194341942,0.151894752,0.04244719,0.151317461,0.115184186,1.731605174,2,0,1,0.242001949,3,1,1,Titan,141.1012251,55.8496024,0,52.2544,88.84682509,6.234754319,6.613659872,0.077785359,0.948860185,0.256818203,14.1041888,4.746572386,0,0.014583564,0,0.0,V-tail,yes,no,0,fall,0.009091013,100,4.479420862
69,198,0.873001405,3.153490428,0,11.39116366,2.728779876,0.35,0,142.5346817,248.339027,LowAcc,400000,14.25290402,0.022449473,0.4069718,18.12834573,0.815960061,2.336356742,0.700907022,0.070580627,0.122912411,0.103649579,0.019262832,0.150016852,0.073429382,1.740621564,2,0,1,0.245134545,3,1,1,Titan,142.5346817,57.11292547,0,52.2544,90.28028174,6.46716792,6.7646772,0.079680572,0.600110773,0.261820141,14.24741903,4.731897078,0,0.014583564,0,0.0,V-tail,no,no,0,winter,0.00889309,100,4.672726816
70,200,1.148222143,3.69853615,0,11.91334772,1.545867276,0.35,0,139.7072369,233.7077608,LowAcc,400000,13.06008073,0.018273236,0.361215762,19.76747646,0.756155993,2.312338241,0.693701472,0.057655118,0.082969387,0.050780497,0.03218889,0.150153832,0.062530736,1.721764518,2,0,1,0.238536028,3,1,1,Titan,139.7072369,54.47104941,0,52.2544,87.45283686,7.186782958,6.312332727,0.081881958,0.405091907,0.251324484,13.96491192,4.764877937,0,0.014583564,0,0.0,V-tail,yes,no,0,summer,0.009705327,100,4.203675126
71,202,0.574438928,2.380784346,0,9.867252768,1.829910918,0.35,0,162.8088976,321.453393,LowAcc,400000,16.00681474,0.032612056,0.560131331,17.17559098,1.439961828,2.49463079,0.748389237,0.119552363,0.170194037,0.141729417,0.02846462,0.153867454,0.11901609,1.86488332,2,0,1,0.284819135,3,1,1,Titan,162.8088976,74.52460073,0,52.2544,110.5544976,5.402794797,8.408005201,0.088303881,0.830959821,0.328137098,16.2732446,4.683867946,0,0.014583564,0,0.0,V-tail,yes,no,0,spring,0.007918649,100,3.541654598
72,204,1.095762527,3.440063124,0,10.79981657,1.877889734,0.35,0,168.8280242,341.4293618,LowAcc,400000,14.18350914,0.021292098,0.387816371,18.21409868,0.883626879,2.52713089,0.758139267,0.093926687,0.183219432,0.156958953,0.026260479,0.15010381,0.096409982,1.890399313,2,0,6,0.292301998,3,1,1,Titan,168.8280242,78.10090834,0,52.2544,116.5736242,7.321141228,8.219473946,0.106298614,0.894555351,0.341243545,16.8747353,4.700684266,0,0.014583564,0,0.0,V-tail,yes,yes,0,summer,0.0089366,100,3.406574152
73,213,0.761154033,2.66628211,0,9.339844472,1.993906698,0.35,0,178.0782567,392.4318953,LowAcc,400000,17.23200371,0.023889679,0.398962626,16.70020882,0.795868942,2.643274346,0.70914592,0.097249048,0.152159074,0.138124278,0.014034796,0.1571566,0.098651272,2.643274346,3,0,4,0.31631566,3,1,1,Titan,178.0782567,90.19984825,0,52.2544,125.8238567,7.757458603,8.800156427,0.108137087,0.742905446,0.38456402,17.79904365,0.017159679,0,0.014583564,0,0.0,V-tail,yes,no,0,winter,0.007355636,100,3.466229087
74,216,0.613303709,2.871274285,0,13.44230582,2.159308871,0.35,0,153.8465423,292.5721858,LowAcc,400000,14.33767987,0.032792129,0.617902312,18.84300665,1.855365161,2.430252065,0.729075619,0.072480657,0.095656642,0.068788853,0.026867789,0.158090215,0.073423892,1.814339257,2,0,1,0.269383522,3,1,1,Titan,153.8465423,67.44277208,0,52.2544,101.5921423,5.763849731,7.463605981,0.086907185,0.467036493,0.301699267,15.3777333,4.673954661,0,0.014583564,0,0.0,V-tail,yes,yes,0,spring,0.008840506,100,3.421931663
75,225,0.45676181,2.534547465,0,14.06407172,2.258567794,0.35,0,148.3958893,278.0047345,LowAcc,400000,14.43022352,0.044642472,0.790044218,17.69714337,2.622141643,2.397065455,0.719119637,0.129122862,0.155618181,0.123944033,0.031674148,0.175787337,0.127632854,1.788284282,2,0,6,0.261070377,3,1,1,Titan,148.3958893,63.79169795,0,52.2544,96.14148929,4.455555963,7.236843356,0.078932554,0.75979428,0.28779803,14.83308104,4.68320255,0,0.014583564,0,0.0,V-tail,yes,no,0,winter,0.008783811,100,2.739169262
76,226,0.616112849,2.691665525,0,11.75931213,2.147541345,0.35,0,152.2310007,287.0829843,LowAcc,400000,14.82309525,0.031535603,0.569417051,18.05632366,1.584200356,2.417289411,0.725186823,0.084585997,0.128150387,0.104815119,0.023335268,0.152057761,0.085256383,1.804162212,2,0,6,0.26616732,3,1,1,Titan,152.2310007,66.01645346,0,52.2544,99.97660074,5.549142822,7.498423885,0.083447517,0.625684804,0.296292938,15.21629359,4.676278169,0,0.014583564,0,0.0,V-tail,yes,no,0,winter,0.008551004,100,2.827141147
77,231,0.607820643,3.116274448,0,15.97702636,2.615875497,0.35,0,137.6965689,229.2923038,LowAcc,400000,13.2013685,0.032887002,0.658226246,20.01478412,2.092331311,2.307370431,0.692211129,0.117245544,0.170466699,0.145389804,0.025076895,0.15230225,0.116239826,1.717864265,2,0,6,0.237148326,3,1,1,Titan,137.6965689,53.92440456,0,52.2544,85.44216893,5.485211617,6.324016719,0.075703897,0.832291073,0.249136835,13.76399086,4.772829799,0,0.014583564,0,0.0,V-tail,yes,no,0,fall,0.009601455,100,4.917571161
78,235,0.855698204,3.326090216,0,12.92847884,1.758581518,0.35,0,148.2536881,266.0846332,LowAcc,400000,13.48063744,0.025104239,0.482757977,19.23013818,1.186661312,2.377353005,0.713205902,0.113413681,0.198799818,0.168129598,0.03067022,0.151433818,0.113847519,1.772807938,2,0,5,0.256004705,3,1,1,Titan,148.2536881,61.6234846,0,52.2544,95.99928813,6.64128071,6.8706956,0.086140189,0.970625435,0.279444233,14.81889804,4.694135761,0,0.014583564,0,0.0,V-tail,yes,no,0,spring,0.009402549,100,4.051084924
79,236,1.401428711,3.943842445,0,11.09859753,2.07492827,0.35,0,152.9843925,237.1082675,LowAcc,400000,13.07661202,0.016751722,0.32325933,19.29708087,0.429410727,2.360497942,0.708149383,0.09728158,0.202734585,0.136059419,0.066675166,0.143354272,0.100820653,1.759574943,2,0,2,0.251592443,3,1,1,Titan,152.9843925,59.76933185,0,52.2544,95.10043496,7.241186242,6.721926487,0.093069784,0.989836645,0.272240669,15.29120172,4.707057995,0,0.014583564,0,5.629557556,V-tail,yes,yes,2,fall,0.009693057,100,3.209318405
80,243,0.617372056,2.758038273,0,12.32121707,2.532925069,0.35,0,143.7681159,255.7924008,LowAcc,400000,14.52229608,0.030200927,0.559127006,18.51357086,1.556748922,2.35474299,0.706422897,0.061306576,0.079250797,0.058750596,0.020500201,0.150870143,0.062897908,1.755056701,2,0,2,0.250068103,3,1,1,Titan,143.7681159,59.13558262,0,52.2544,91.51371589,5.600528061,6.946114943,0.077265391,0.386936166,0.269767792,14.37066033,4.712277021,0,0.014583564,0,0.0,V-tail,yes,no,0,spring,0.008728121,100,4.314623836
81,244,1.061679252,3.762727816,0,13.33559132,2.726104812,0.35,0,140.8619735,235.0648668,LowAcc,400000,12.97271652,0.019653378,0.399212391,20.31266021,0.775257141,2.315045015,0.694513504,0.100366768,0.197536372,0.16900607,0.028530302,0.151080966,0.102482628,1.72388962,2,0,2,0.239288748,3,1,1,Titan,140.8619735,54.76887563,0,52.2544,88.60757352,7.365562172,6.31746508,0.083099823,0.964456753,0.252513975,14.08030181,4.760714715,0,0.014583564,0,0.0,V-tail,no,yes,0,summer,0.009770687,100,4.715339537
82,248,0.429633026,2.700614594,0,16.97569494,2.752672775,0.35,0,160.6541206,324.234718,LowAcc,400000,14.17068358,0.052103466,0.942926932,18.09720154,3.383382505,2.489881708,0.746964512,0.095280653,0.120138512,0.096648909,0.023489603,0.163206934,0.094549874,1.861154791,2,0,4,0.283709174,3,1,1,Titan,160.6541206,74.00295639,0,52.2544,108.3997206,4.746359546,7.891769884,0.091283277,0.586567416,0.326209018,16.05796489,4.682026645,0,0.014583564,0,0.0,V-tail,yes,yes,0,spring,0.008944689,100,3.180842134
83,253,1.035452879,3.014590709,0,8.776601356,2.491554485,0.35,0,167.0625337,335.5348851,LowAcc,400000,15.39301458,0.021645708,0.344799631,15.92923795,0.577192498,2.51246689,0.753740067,0.105299771,0.199323063,0.164925427,0.034397636,0.150495798,0.107554157,1.878886532,2,0,1,0.288949733,3,1,1,Titan,167.0625337,76.48706801,0,52.2544,114.8081337,7.085088488,8.422881237,0.099476682,0.97318014,0.335348699,16.69829742,4.692209504,0,0.014583564,0,0.0,V-tail,yes,yes,0,winter,0.008234407,100,3.762896012
84,254,1.041306527,3.936422414,0,14.88074935,1.567570041,0.35,0,148.9651762,228.172324,LowAcc,400000,13.13774875,0.020210459,0.419691033,20.76603197,0.913348965,2.333773603,0.700132081,0.053607103,0.0730789,0.045588198,0.027490702,0.146921428,0.057361852,1.738593529,2,0,5,0.244433437,3,1,1,Titan,148.9651762,56.82923393,0,52.2544,91.09691855,7.389382036,6.532135659,0.089466969,0.356802334,0.260697647,14.88958663,4.735029776,0,0.014583564,0,5.613857685,V-tail,no,yes,2,winter,0.009647951,100,3.100808953
85,261,0.37155936,2.513266623,0,17.0,1.460846448,0.35,0,161.2320555,329.4048551,LowAcc,400000,14.44701126,0.053578291,1.052767798,19.64914861,4.601877956,2.503239683,0.750971905,0.308135043,0.185599481,0.1569382,0.028661281,0.145942221,0.3031433,1.871642205,2,0,6,0.286820264,3,1,1,Titan,161.2320555,75.47238885,0,52.2544,108.9776555,3.299037213,8.060654397,0.089871778,0.906175764,0.331623694,16.11570297,4.68761727,0,0.014583564,0,0.0,Conventional,no,yes,0,spring,0.008773604,100,5.0
86,262,1.261612919,2.963651293,0,6.961904762,1.743214057,0.35,0,195.2122434,447.3743832,LowAcc,400000,17.97391949,0.015086912,0.242527378,16.07534892,1.735407895,2.723490394,0.729580395,0.176683271,0.248733174,0.131924914,0.11680826,0.150231881,0.177831967,2.723490394,3,0,2,0.337093406,3,1,1,Titan,195.2122434,101.4397732,0,52.2544,142.9578434,10.49669191,9.710249859,0.126748486,1.21442136,0.423573961,19.51562315,0.016177896,0,0.014583564,0,0.0,Conventional,yes,no,0,winter,0.007052015,100,5.0
87,267,0.738052002,2.451499952,0,8.142857143,2.237357372,0.35,0,174.2052293,362.9040434,LowAcc,400000,16.71229309,0.025649994,0.42792491,16.68323614,2.543543634,2.568684978,0.770605493,0.170090341,0.259999782,0.163191522,0.09680826,0.14816702,0.168632085,1.923023637,2,0,1,0.301599145,3,1,1,Titan,174.2052293,82.67123571,0,52.2544,121.9508293,6.139478314,9.255760715,0.098561956,1.269429741,0.35778878,17.41198052,4.732010005,0,0.014583564,0,0.0,Conventional,yes,yes,0,winter,0.007584378,100,3.2
88,268,0.580983727,2.175055744,0,8.142857143,2.590316883,0.35,0,200.3071649,486.1774763,LowAcc,400000,19.66859397,0.02755245,0.451285434,16.37913984,2.586582328,2.783964429,0.74498573,0.209997919,0.15182623,0.113164949,0.038661281,0.149365906,0.20701585,2.783964429,3,0,1,0.351947503,3,1,1,Titan,200.3071649,109.9129209,0,52.2544,148.0527649,6.110559723,10.66134185,0.119315323,0.74128036,0.452317184,20.02486088,0.015585054,0,0.014583564,0,0.0,Conventional,no,no,0,winter,0.006444403,100,5.0
89,271,1.156900736,3.069279626,0,8.142857143,2.237357372,0.35,0,161.3291592,311.8288494,LowAcc,400000,15.8136615,0.016182863,0.282369202,17.4486552,2.100761169,2.464549503,0.739364851,0.089800987,0.113039692,0.044378411,0.068661281,0.149482974,0.094187471,1.841266349,2,0,1,0.277713568,3,1,1,Titan,161.3291592,71.21531704,0,52.2544,109.0747592,7.940898502,8.141179867,0.094546059,0.551907951,0.315866258,16.12539774,4.675062221,0,0.014583564,0,0.0,Conventional,no,yes,0,winter,0.00801537,100,4.7
90,274,0.423915452,2.050077781,0,9.914285714,2.872684492,0.35,0,174.7042089,394.6750384,LowAcc,400000,18.20723631,0.035398852,0.629508348,17.78329834,3.313456378,2.640478764,0.708433765,0.165813544,0.13791468,0.050631733,0.087282947,0.151338914,0.16346355,2.640478764,3,0,4,0.315566873,3,1,1,Titan,174.7042089,89.80778079,0,52.2544,122.4498089,5.043929365,8.951457583,0.096444996,0.673358244,0.38318446,17.46187113,0.017198811,0,0.014583564,0,0.0,Conventional,yes,yes,0,spring,0.006961647,100,5.0
91,275,0.423915452,2.335461157,0,12.86666667,1.53143835,0.35,0,162.2603534,328.5266376,LowAcc,400000,14.72379294,0.047501343,0.894044627,18.82145995,4.008297545,2.501248988,0.750374696,0.320946842,0.391383207,0.169444843,0.221938364,0.161513691,0.315855439,1.870079301,2,0,1,0.286358772,3,1,1,Titan,162.2603534,75.25324751,0,52.2544,110.0059534,3.37424561,8.12920432,0.087796769,1.910899615,0.330818433,16.21845383,4.68670377,0,0.014583564,0,0.0,Conventional,yes,no,0,summer,0.008608675,100,4.25
92,276,0.37155936,2.513266623,0,17.0,1.460846448,0.35,0,134.3512771,225.9655279,LowAcc,400000,13.43128796,0.049554735,1.014947792,20.48134821,4.762098338,2.294156143,0.688246843,0.259452828,0.352300917,0.113164949,0.239135968,0.148918913,0.254964026,1.707489661,2,0,6,0.233416907,3,1,1,Titan,134.3512771,52.47056741,0,52.2544,82.09687715,3.106132497,6.252930191,0.067917498,1.720083219,0.243288451,13.42535403,4.796020286,0,0.014583564,0,0.0,Conventional,yes,no,0,winter,0.009437096,100,2.9
93,281,0.423915452,1.988091278,0,9.323809524,1.460846448,0.35,0,202.4249297,496.8999952,LowAcc,400000,19.74216406,0.037257123,0.620384112,16.651423,3.154906731,2.811073034,0.751891457,0.217726368,0.151356634,0.11941827,0.031938364,0.429185202,0.214387828,2.811073034,3,0,3,0.358406347,3,1,1,Titan,202.4249297,113.7135225,0,52.2544,150.1705297,5.088012672,9.780306877,0.118122682,0.738987592,0.465035356,20.23660653,0.01535192,0,0.014583564,0,0.0,Conventional,no,no,0,summer,0.006420388,100,5.0
94,284,0.37155936,2.378721979,0,15.22857143,2.872684492,0.35,0,138.5401495,240.321504,LowAcc,400000,13.71397311,0.052111033,1.003890372,19.26444959,4.501126077,2.324869475,0.697460843,0.300795294,0.428106124,0.169444843,0.258661281,0.146058985,0.295968924,1.731602854,2,0,4,0.242001137,3,1,1,Titan,138.5401495,55.84936724,0,52.2544,86.28574948,2.868168185,6.54214209,0.069624793,2.090196546,0.256816912,13.84827373,4.746576415,0,0.014583564,0,0.0,Conventional,yes,yes,0,winter,0.00924257,100,3.8
95,285,0.947476369,3.064890117,0,9.914285714,1.460846448,0.35,0,148.3118517,268.2370452,LowAcc,400000,14.86651415,0.01855217,0.358636596,19.33124827,2.519810071,2.377305991,0.713191797,0.104365511,0.136316775,0.044378411,0.091938364,0.14916177,0.106279215,1.772771027,2,0,6,0.255992504,3,1,1,Titan,148.3118517,61.61769102,0,52.2544,96.05745172,6.663638702,7.214117696,0.083589293,0.66555659,0.279424219,14.82468355,4.694167081,0,0.014583564,0,0.0,Conventional,no,yes,0,winter,0.00852603,100,3.2
96,286,1.418681194,3.860428494,0,10.5047619,1.884397861,0.35,0,137.7927524,219.7573627,LowAcc,400000,12.9178246,0.014041069,0.294732635,20.99075505,2.238249052,2.283068221,0.684920466,0.076819349,0.143514379,0.044378411,0.099135968,0.149281889,0.083401767,1.698784477,2,0,1,0.23023927,3,1,1,Titan,137.7927524,51.25094636,0,52.2544,85.53835242,8.563676224,6.097898551,0.080686503,0.700698361,0.238347281,13.77361765,4.817897928,0,0.014583564,0,0.0,Conventional,yes,yes,0,spring,0.009812206,100,4.1
97,287,1.209256827,3.944503075,0,12.86666667,1.460846448,0.35,0,135.73795,198.4247907,LowAcc,400000,12.55913645,0.016071926,0.360353389,22.42129455,2.549418515,2.279955056,0.683986517,0.152908101,0.240805766,0.138178235,0.102627531,0.081697971,0.152783054,1.696340316,2,0,5,0.229339166,3,1,1,Titan,135.73795,50.90850788,0,52.2544,83.48355003,6.646251165,6.03304354,0.080173392,1.175716375,0.23695422,13.56386072,4.824459166,0,0.014583564,0,0.0,Conventional,no,no,0,fall,0.010092442,100,4.1
98,297,0.37155936,2.083731394,0,11.68571429,1.813805959,0.35,0,154.1815776,304.3813636,LowAcc,400000,15.93484782,0.046062568,0.827511178,17.96493805,3.902959953,2.44988179,0.734964537,0.234700721,0.113796068,0.088151662,0.025644406,0.152949407,0.231266369,1.829750654,2,0,4,0.274182098,3,1,1,Titan,154.1815776,69.60161385,0,52.2544,101.9271776,3.273743422,8.009021483,0.078256675,0.555600901,0.309831358,15.41117057,4.673355789,0,0.014583564,0,0.0,Conventional,no,yes,0,winter,0.007954412,100,2.75
99,298,0.37155936,2.513266623,0,17.0,1.884397861,0.35,0,149.3936472,284.3222836,LowAcc,400000,14.06357174,0.049378714,1.029385599,20.84674802,4.979416097,2.411914627,0.723574388,0.184346567,0.182350525,0.044378411,0.137972114,0.150095958,0.181480713,1.799942442,2,0,1,0.264822311,3,1,1,Titan,149.3936472,65.42547743,0,52.2544,97.13924717,3.567666908,7.256802052,0.079862836,0.890312976,0.294042561,14.93278315,4.677715691,0,0.014583564,0,0.0,Conventional,yes,yes,0,spring,0.009012814,100,2.75
100,303,0.68569591,3.41421008,0,17.0,1.460846448,0.35,0,135.1275506,217.465731,LowAcc,400000,12.66919341,0.026338674,0.621698535,23.60401793,3.883167821,2.283835413,0.685150624,0.105396436,0.214203546,0.044378411,0.169825135,0.143958187,0.105002019,1.699386803,2,0,3,0.230460547,3,1,1,Titan,135.1275506,51.33541428,0,52.2544,82.87315062,5.796145645,6.047356652,0.075916672,1.045833,0.23869019,13.50290083,4.816309782,0,0.014583564,0,0.0,Conventional,yes,yes,0,summer,0.010004769,100,5.0
101,306,0.738052002,2.538829287,0,8.733333333,2.237357372,0.35,0,175.0804421,389.7820568,LowAcc,400000,17.69706463,0.022164293,0.383542618,17.30452789,2.425720912,2.6310615,0.706034783,0.19707758,0.230433832,0.169444843,0.060988989,0.150133556,0.194687269,2.6310615,3,0,5,0.313031313,3,1,1,Titan,175.0804421,88.48833195,0,52.2544,122.8260421,6.395010112,8.803687255,0.104015007,1.125076173,0.378526624,17.49947797,0.017333425,0,0.014583564,0,0.0,Conventional,no,no,0,fall,0.007162338,100,5.0
102,307,1.366325102,4.735054835,0,16.40952381,2.872684492,0.35,0,165.5134728,210.104007,LowAcc,400000,11.866469,0.017754379,0.435613887,24.5355747,3.006041805,2.708502316,0.812550695,0.119262086,0.204346937,0.069391698,0.134955239,0.146731357,0.120623482,1.016397468,1,0,3,0.224332134,3,1,1,Titan,165.5134728,49.02816543,0,52.2544,113.2590728,9.00732245,8.707013915,0.131025109,0.997708834,0.22925829,16.54346575,28.60052949,0,0.014583564,0,0.0,Conventional,no,no,0,fall,0.010681556,100,5.0
103,308,0.68569591,2.970289668,0,12.86666667,2.519724981,0.35,0,149.7149456,275.8984614,LowAcc,400000,13.72690396,0.027684475,0.586750999,21.19422512,3.32092825,2.394312004,0.718293601,0.221183421,0.38196962,0.138178235,0.243791385,0.15103343,0.217329211,1.786122534,2,0,6,0.260368722,3,1,1,Titan,149.7149456,63.48912719,0,52.2544,97.46054563,5.029561893,7.042156485,0.084163706,1.864938471,0.286635626,14.96490576,4.684472937,0,0.014583564,0,0.0,Conventional,yes,yes,0,spring,0.009233863,100,2.9
104,309,0.37155936,2.513266623,0,17.0,2.80209259,0.35,0,159.5479665,320.347791,LowAcc,400000,13.76716383,0.059838607,1.147201051,19.17158679,4.966736379,2.482808377,0.744842513,0.309095318,0.445563936,0.169444843,0.276119093,0.14420977,0.30430022,1.855601484,2,0,5,0.282047889,3,1,1,Titan,159.5479665,73.22500803,0,52.2544,107.2935665,3.118289122,7.721880997,0.088005503,2.175433024,0.323331023,15.94744449,4.679590783,0,0.014583564,0,0.0,Conventional,yes,yes,0,summer,0.00920686,100,4.85
105,310,0.423915452,2.637470512,0,16.40952381,1.460846448,0.35,0,141.303715,252.639945,LowAcc,400000,14.28510761,0.039765079,0.827128014,20.80036137,4.50034417,2.349081365,0.70472441,0.117638771,0.078858962,0.044378411,0.034480551,0.144428271,0.116317774,1.750611731,2,0,6,0.248559361,3,1,1,Titan,141.303715,58.5128131,0,52.2544,89.04931498,4.115689361,6.836964987,0.074674425,0.38502306,0.267328233,14.12440705,4.717831197,0,0.014583564,0,0.0,Conventional,no,yes,0,summer,0.008873041,100,5.0
106,312,1.261612919,4.631135889,0,17.0,2.731500688,0.35,0,164.3428858,208.2869936,LowAcc,400000,11.56653664,0.019588321,0.493041568,25.17018066,3.323538004,2.699419639,0.809825892,0.104518657,0.234203546,0.044378411,0.189825135,0.147868809,0.106082218,1.01283204,1,0,1,0.222983108,3,1,1,Titan,164.3428858,48.52869346,0,52.2544,112.0884858,8.583596016,8.526656741,0.128550359,1.143481523,0.227200304,16.42650792,28.50921593,0,0.014583564,0,0.0,Conventional,yes,no,0,winter,0.01095854,100,5.0
107,315,1.418681194,3.51991701,0,8.733333333,1.672622154,0.35,0,148.9275605,264.2091611,LowAcc,400000,14.41425024,0.013796628,0.255841846,18.54379466,1.997359614,2.36776792,0.710330376,0.090813768,0.155546336,0.056885055,0.098661281,0.149821973,0.096891877,1.76528264,2,0,4,0.253504972,3,1,1,Titan,148.9275605,60.56855328,0,52.2544,96.67316052,8.331144558,7.049054661,0.087742846,0.759443502,0.275354774,14.88622201,4.701061321,0,0.014583564,0,0.0,Conventional,no,no,0,spring,0.008793545,100,3.95
108,321,0.528627635,2.891778991,0,15.81904762,2.872684492,0.35,0,136.5608042,231.829011,LowAcc,400000,13.9147752,0.031224708,0.675599383,21.63669167,3.964666293,2.307197666,0.6921593,0.110026661,0.091406243,0.050631733,0.04077451,0.144611262,0.109157738,1.717728627,2,0,6,0.23709992,3,1,1,Titan,136.5608042,53.90513195,0,52.2544,84.30640423,4.734541314,6.460063737,0.073138274,0.446284233,0.249060649,13.65048682,4.77311369,0,0.014583564,0,0.0,Conventional,no,no,0,spring,0.009109191,100,3.35
109,322,1.052188552,3.324603768,0,10.5047619,2.872684492,0.35,0,141.0251068,238.9450083,LowAcc,400000,14.00284681,0.017392807,0.346127113,19.9005893,2.437360724,2.320003844,0.696001153,0.137095054,0.196660581,0.125671592,0.070988989,0.148939354,0.137904344,1.727782822,2,0,6,0.240661629,3,1,1,Titan,141.0251068,55.31397539,0,52.2544,88.77070682,6.708313332,6.589286316,0.079704517,0.960180768,0.254688657,14.09658369,4.75339058,0,0.014583564,0,0.0,Conventional,no,yes,0,summer,0.009051899,100,3.8
110,323,0.842764185,2.803171906,0,9.323809524,1.460846448,0.35,0,169.0829718,341.7102574,LowAcc,400000,15.42881925,0.023321889,0.426769966,18.29911673,2.594817944,2.530111092,0.759033328,0.19088186,0.298876564,0.1569382,0.141938364,0.149471363,0.188787301,1.892739084,2,0,6,0.292978597,3,1,1,Titan,169.0829718,78.42814608,0,52.2544,116.8285718,6.29884029,8.58373981,0.098821004,1.459242759,0.34243789,16.90018237,4.702578003,0,0.014583564,0,0.0,Conventional,yes,yes,0,spring,0.008215298,100,5.0
111,325,0.528627635,2.945255127,0,16.40952381,1.954989763,0.35,0,163.4499433,333.2318705,LowAcc,400000,14.0632496,0.037779948,0.791642264,20.95403264,3.951001519,2.510596122,0.753178837,0.290043831,0.211383207,0.169444843,0.041938364,0.148919103,0.28446432,1.877417783,2,0,5,0.288519265,3,1,1,Titan,163.4499433,76.28190335,0,52.2544,111.1955433,4.379534207,8.027498963,0.096801584,1.032062903,0.334594466,16.33733294,4.691231363,0,0.014583564,0,0.0,Conventional,no,yes,0,summer,0.00901302,100,3.8
112,328,0.895120277,2.699784536,0,8.142857143,2.519724981,0.35,0,174.6265668,364.6147774,LowAcc,400000,16.51612985,0.021495139,0.362141064,16.84757938,2.318407128,2.57061889,0.771185667,0.198441055,0.237891645,0.169444843,0.068446802,0.150067233,0.196623343,1.924541961,2,0,3,0.302024861,3,1,1,Titan,174.6265668,82.88407646,0,52.2544,122.3721668,6.442688495,9.220505954,0.102469441,1.161488395,0.358553275,17.45408574,4.733715491,0,0.014583564,0,0.0,Conventional,no,no,0,summer,0.007674458,100,3.65
113,335,1.418681194,3.967443211,0,11.0952381,2.096173568,0.35,0,148.8619757,261.1805916,LowAcc,400000,13.12531896,0.014512062,0.308421514,21.25277043,2.241282472,2.367147161,0.710144148,0.156548875,0.241315998,0.125671592,0.115644406,0.149718926,0.157827234,1.764795278,2,0,2,0.253342231,3,1,1,Titan,148.8619757,60.50087287,0,52.2544,96.60757574,8.247778011,6.718145527,0.091657571,1.178207545,0.275089292,14.87969346,4.701547888,0,0.014583564,0,0.0,Conventional,no,no,0,summer,0.009657087,100,4.85
114,336,0.37155936,2.513266623,0,17.0,1.602030252,0.35,0,135.043827,230.972465,LowAcc,400000,13.95158343,0.047524847,0.945507461,19.89501327,4.378470909,2.305056352,0.691516906,0.279762166,0.193925394,0.169444843,0.024480551,0.147040286,0.274810907,1.71604747,2,0,3,0.236499134,3,1,1,Titan,135.043827,53.66953556,0,52.2544,82.78942703,3.12493433,6.445567165,0.06869551,0.94682642,0.248115766,13.49449478,4.776673932,0,0.014583564,0,0.0,Conventional,no,no,0,fall,0.009085159,100,5.0
115,337,0.37155936,1.801374959,0,8.733333333,2.590316883,0.35,0,194.4350438,470.0793458,LowAcc,400000,19.28738727,0.044199437,0.712303314,16.11566473,3.138603141,2.75786896,0.738338093,0.356578263,0.29276154,0.169444843,0.123316697,0.140774339,0.350566385,2.75786896,3,0,1,0.345616046,3,1,1,Titan,194.4350438,106.256482,0,52.2544,142.1806438,4.175690533,10.30371097,0.107079283,1.429386606,0.439979057,19.43790412,0.015827685,0,0.014583564,0,0.0,Conventional,yes,yes,0,summer,0.006571774,100,5.0
116,339,0.37155936,2.083731394,0,11.68571429,1.460846448,0.35,0,155.5244772,306.6992925,LowAcc,400000,15.80929987,0.046291603,0.848028992,18.31928347,4.141676019,2.457051277,0.737115383,0.154924908,0.113039692,0.044378411,0.068661281,0.147361994,0.152963781,1.835379455,2,0,6,0.275913905,3,1,1,Titan,155.5244772,70.39040615,0,52.2544,103.2700772,3.662929748,8.038979595,0.079155822,0.551907951,0.312785528,15.54536105,4.673967767,0,0.014583564,0,0.0,Conventional,yes,no,0,winter,0.008017582,100,5.0
117,340,1.418681194,3.273288992,0,7.552380952,2.660908785,0.35,0,176.1609131,361.4535979,LowAcc,400000,15.77870706,0.015071587,0.252549984,16.75669497,1.860595223,2.563507197,0.769052159,0.162561068,0.265129886,0.163191522,0.101938364,0.149801707,0.164804844,1.918958535,2,0,5,0.300456379,3,1,1,Titan,176.1609131,82.10202805,0,52.2544,123.9065131,8.716175741,8.978168968,0.110362492,1.294477095,0.355739594,17.60742939,4.727548241,0,0.014583564,0,0.0,Conventional,no,yes,0,winter,0.008033127,100,4.55
118,343,0.37155936,2.030403794,0,11.0952381,1.460846448,0.35,0,152.6677141,296.7672103,LowAcc,400000,16.04765201,0.044792453,0.807907111,18.03667948,3.972459676,2.435310881,0.730593264,0.147120881,0.103039692,0.044378411,0.058661281,0.149044655,0.145338911,1.818310959,2,0,2,0.270628311,3,1,1,Titan,152.6677141,67.99859087,0,52.2544,100.4133141,3.672638606,7.911044809,0.076196975,0.503083689,0.303801235,15.25990208,4.673472241,0,0.014583564,0,0.0,Conventional,yes,no,0,fall,0.007898498,100,2.75
119,348,0.37155936,1.975637266,0,10.5047619,2.872684492,0.35,0,166.8300088,347.9597275,LowAcc,400000,16.11249741,0.050972135,0.87576115,17.18117469,3.730741319,2.537581458,0.761274437,0.318159795,0.301852803,0.163191522,0.138661281,0.163967644,0.313403846,1.898604106,2,0,6,0.294667777,3,1,1,Titan,166.8300088,79.24969079,0,52.2544,114.5756088,3.228930266,8.794342174,0.086255252,1.473774027,0.345426342,16.67503388,4.707572522,0,0.014583564,0,0.0,Conventional,yes,yes,0,winter,0.00786671,100,4.7
120,349,0.633339819,2.919408232,0,13.45714286,2.025581665,0.35,0,156.3324952,302.9129013,LowAcc,400000,14.25032906,0.028833405,0.615500075,21.3467706,3.645398929,2.449164297,0.734749289,0.108962266,0.136316775,0.044378411,0.091938364,0.147422138,0.108597764,1.829187346,2,0,1,0.274008183,3,1,1,Titan,156.3324952,69.52344414,0,52.2544,104.0780952,5.593331677,7.582552305,0.089634034,0.66555659,0.309535253,15.62613923,4.673318398,0,0.014583564,0,0.0,Conventional,yes,yes,0,summer,0.008894696,100,5.0
121,358,0.387342985,2.451981793,0,15.5216822,2.80023841,0.35,0,132.5139116,221.101653,LowAcc,400000,14.21727716,0.042460912,0.857034588,20.18408323,4.159281616,2.285807669,0.685742301,0.254781254,0.147169967,0.116568678,0.030601289,0.143288161,0.250257335,1.700935232,2,0,1,0.231028421,3,1,1,Titan,132.5139116,51.55179487,0,52.2544,80.25951164,3.245462732,6.369240124,0.066189687,0.718546499,0.239571018,13.24184448,4.812278663,0,0.014583564,0,0.0,Conventional,no,yes,0,winter,0.008915375,100,4.670608875
122,360,1.39487041,3.372570461,0,8.154328483,1.781423648,0.35,0,159.7299222,301.9835713,LowAcc,400000,15.01200495,0.014602199,0.257300394,17.62066027,1.965617741,2.445079849,0.733523955,0.112237888,0.232561656,0.137435694,0.095125962,0.150039682,0.116949127,1.825980626,2,0,4,0.273016034,3,1,1,Titan,159.7299222,69.07371853,0,52.2544,107.4755222,8.415523699,7.793618872,0.095956839,1.135465117,0.307848009,15.96561802,4.673189529,0,0.014583564,0,0.0,Conventional,no,yes,0,fall,0.008443399,100,3.951013645
123,363,1.237193824,3.92692604,0,12.46429446,1.983309366,0.35,0,137.1081174,215.6154044,LowAcc,400000,12.15325811,0.017229199,0.379931595,22.05161119,2.650674077,2.277123304,0.683136991,0.147311789,0.447088042,0.163493363,0.283594679,0.146672892,0.147799298,1.694117093,2,0,3,0.228517348,3,1,1,Titan,137.1081174,50.59721826,0,52.2544,84.85371737,7.303654958,5.903337875,0.080553375,2.182874359,0.235684864,13.7052179,4.830592204,0,0.014583564,0,0.0,Conventional,yes,no,0,spring,0.010429496,100,4.525757746
124,365,1.010627954,4.001884864,0,15.84666484,2.779261575,0.35,0,164.1395658,211.1107168,LowAcc,400000,12.04395565,0.024252429,0.566955678,23.37727369,3.477409455,2.707718143,0.812315443,0.177235838,0.403351947,0.111476856,0.291875091,0.152658767,0.174907246,1.016089639,1,0,3,0.224215983,3,1,1,Titan,164.1395658,48.98495286,0,52.2544,111.8851658,6.821706847,8.744537007,0.122225157,1.969336104,0.229080838,16.40617386,28.5925696,0,0.014583564,0,0.0,Conventional,yes,no,0,winter,0.010524146,100,4.563456091
125,370,0.374745884,1.931884966,0,9.959227518,2.832212001,0.35,0,179.8842154,418.2183787,LowAcc,400000,18.7048812,0.041015084,0.694723047,16.93823281,3.387871757,2.677106837,0.717764509,0.259392441,0.133091066,0.109197884,0.023893182,0.152211273,0.255239907,2.677106837,3,0,3,0.325240929,3,1,1,Titan,179.8842154,94.94000737,0,52.2544,127.6298154,4.110933844,9.418523543,0.098639421,0.649807304,0.401149079,17.9794571,0.016714145,0,0.014583564,0,0.0,Conventional,no,yes,0,fall,0.006776432,100,3.798653841
126,372,1.386513402,3.286901048,0,7.79200438,2.633687284,0.35,0,159.5813221,299.6858138,LowAcc,400000,15.09520951,0.014689601,0.255767364,17.41145778,1.885389563,2.44021254,0.732063762,0.117744728,0.21604141,0.107344444,0.108696966,0.149855017,0.122408183,1.822159277,2,0,2,0.271828992,3,1,1,Titan,159.5813221,68.53821126,0,52.2544,107.3269221,8.915181812,7.779625916,0.094684248,1.054806235,0.305833745,15.95077032,4.673224956,0,0.014583564,0,0.0,Conventional,yes,yes,0,winter,0.008396859,100,3.922489202
127,375,0.562556102,2.802316836,0,13.95946044,2.864933741,0.35,0,133.585016,218.9406183,LowAcc,400000,13.83882362,0.029201378,0.627854468,21.50085088,3.754081929,2.282077252,0.684623176,0.095726678,0.122969547,0.048359195,0.074610352,0.144855512,0.095592963,1.698006463,2,0,3,0.229953135,3,1,1,Titan,133.585016,51.14153717,0,52.2544,81.33061598,4.826015979,6.271569022,0.069825557,0.600389735,0.237904124,13.34882475,4.819966076,0,0.014583564,0,0.0,Conventional,yes,yes,0,spring,0.009159185,100,3.068487067
128,380,1.182050528,3.331835517,0,9.391415723,2.343786936,0.35,0,164.1569405,293.5118117,LowAcc,400000,14.84818449,0.016536435,0.31896419,19.28856995,2.284659721,2.430261731,0.729078519,0.090962605,0.132843258,0.048951489,0.083891769,0.149811518,0.095017019,1.814346846,2,0,6,0.269385906,3,1,1,Titan,164.1569405,67.44357914,0,52.2544,105.8042039,8.523278428,7.694253435,0.09672726,0.6485974,0.301703288,16.40752784,4.673953516,0,0.014583564,0,6.098336623,Conventional,yes,yes,2,spring,0.008536556,100,2.781633865
129,381,0.376094682,2.004550248,0,10.68406944,1.504148869,0.35,0,179.8373129,418.8373404,LowAcc,400000,18.3082766,0.041047286,0.72235904,17.59821693,3.505883406,2.677267611,0.717805465,0.261901567,0.125854825,0.099384395,0.02647043,0.150606538,0.257557451,2.677267611,3,0,6,0.325282758,3,1,1,Titan,179.8373129,94.96275441,0,52.2544,127.5829129,4.214893241,9.283494673,0.099988364,0.614476892,0.401227418,17.97478216,0.016712145,0,0.014583564,0,0.0,Conventional,no,no,0,summer,0.006923227,100,4.885652552
130,383,0.825296969,3.013042747,0,11.00019379,2.828372921,0.35,0,163.5638701,324.656109,LowAcc,400000,14.78795507,0.022888405,0.458908724,20.04983453,2.928636224,2.492941573,0.747882472,0.104993431,0.13034554,0.047257961,0.083087579,0.148256635,0.1058569,1.863557107,2,0,1,0.284424825,3,1,1,Titan,163.5638701,74.33933315,0,52.2544,111.3094701,6.790791353,8.072376319,0.09662362,0.636402476,0.327451679,16.34871362,4.683194286,0,0.014583564,0,0.0,Conventional,yes,no,0,summer,0.008571324,100,3.897906888
131,385,1.343245521,3.680515057,0,10.08467244,2.73987427,0.35,0,144.0245277,226.1819089,LowAcc,400000,13.61318531,0.014631152,0.29297258,20.02389012,2.195534577,2.339937848,0.701981354,0.117461829,0.200530565,0.094677859,0.105852706,0.103012392,0.120393289,1.743433109,2,0,1,0.246103214,3,1,1,Titan,144.0245277,57.50714192,0,52.2544,91.77012774,7.132847823,6.663803402,0.085287696,0.97907568,0.263373857,14.39630246,4.727711337,0,0.014583564,0,0.0,Conventional,no,no,0,fall,0.009310999,100,3.868890072
132,392,0.58845535,3.11053279,0,16.44205331,2.307343399,0.35,0,155.2449425,300.8841681,LowAcc,400000,13.83076821,0.032055717,0.69835584,21.78568776,3.860308135,2.444729622,0.733418887,0.20216176,0.171978062,0.116090999,0.055887063,0.151227738,0.198440899,1.825705661,2,0,3,0.272930793,3,1,1,Titan,155.2449425,69.03577031,0,52.2544,102.9905425,5.07374838,7.437404816,0.091003221,0.839670192,0.307703205,15.51747364,4.673185175,0,0.014583564,0,0.0,Conventional,no,no,0,summer,0.00916452,100,3.470386096
133,394,0.892657274,3.178412509,0,11.31711618,1.504753791,0.35,0,136.1846196,218.6357703,LowAcc,400000,13.55629426,0.020122248,0.420365213,20.89056931,2.758123076,2.284355008,0.685306502,0.148716335,0.274721587,0.079191306,0.195530281,0.144950938,0.148022132,1.69979474,2,0,2,0.23061029,3,1,1,Titan,136.1846196,51.39220816,0,52.2544,83.93021961,6.18200718,6.258604822,0.074435028,1.341307867,0.238922344,13.61291005,4.815240584,0,0.014583564,0,0.0,Conventional,yes,yes,0,spring,0.009350074,100,4.58844916
134,398,0.591179488,2.367900605,0,9.484350163,2.822681847,0.35,0,177.9485882,378.9474911,LowAcc,400000,18.11624086,0.025217847,0.464413085,18.41604854,2.716309361,2.65502235,0.712138641,0.159666188,0.135058825,0.057461051,0.077597774,0.224559823,0.157713653,2.65502235,3,0,3,0.319443136,3,1,1,Titan,177.9485882,91.84717488,0,52.2544,125.6941882,6.579239754,8.29617066,0.104125835,0.659414742,0.390345918,17.7861336,0.016999229,0,0.014583564,0,0.0,Conventional,yes,no,0,summer,0.006996614,100,4.847870226
135,399,0.55168093,2.516909674,0,11.48278645,2.83536251,0.35,0,148.4451088,274.133128,LowAcc,400000,14.6750177,0.033112245,0.63268288,19.10721765,3.389917803,2.391330508,0.717399152,0.211641436,0.323906472,0.168764003,0.155142469,0.148470236,0.208301407,1.783781746,2,0,6,0.259606816,3,1,1,Titan,148.4451088,63.1606758,0,52.2544,96.19070882,4.291813381,7.254412546,0.078459992,1.581449437,0.285375336,14.83799821,4.68594056,0,0.014583564,0,0.0,Conventional,yes,yes,0,spring,0.008637288,100,2.950579051
136,405,1.110492244,3.680226665,0,12.19645466,1.953954424,0.35,0,137.0730052,203.8466976,LowAcc,400000,13.07404073,0.016775556,0.365663968,21.79742763,2.564427374,2.293661874,0.688098562,0.14798857,0.203876227,0.116714272,0.087161955,0.073078266,0.147889352,1.707101608,2,0,3,0.233276178,3,1,1,Titan,137.0730052,52.4162846,0,52.2544,84.81860519,6.349617765,6.221506619,0.079500069,0.995410627,0.243068855,13.70168581,4.796947276,0,0.014583564,0,0.0,Conventional,no,no,0,winter,0.009694964,100,4.640067227
137,406,1.363746119,4.244593555,0,13.21109127,2.849421432,0.35,0,167.8117671,217.4238894,LowAcc,400000,12.00222916,0.019249396,0.432544191,22.47053356,2.83862285,2.731825502,0.81954765,0.186515052,0.484185686,0.161108319,0.343077367,0.151240349,0.185089194,1.025553043,1,0,1,0.227759665,3,1,1,Titan,167.8117671,50.31106913,0,52.2544,115.5573671,7.949769738,8.937700257,0.1288978,2.364000867,0.234516723,16.77311038,28.84371868,0,0.014583564,0,0.0,Conventional,yes,yes,0,fall,0.010560734,100,4.184970942
138,407,0.549699072,2.805155777,0,14.31492126,2.115925063,0.35,0,135.3400742,221.7838378,LowAcc,400000,13.54920446,0.03174655,0.679108621,21.3915725,3.807390936,2.292704811,0.687811443,0.172871924,0.273960442,0.079441419,0.194519023,0.139546144,0.170107234,1.706350213,2,0,6,0.233003441,3,1,1,Titan,135.3400742,52.31081906,0,52.2544,83.08567418,4.489397602,6.296696287,0.071090098,1.337591633,0.242643472,13.52409768,4.798754787,0,0.014583564,0,0.0,Conventional,yes,yes,0,fall,0.009354966,100,4.83960631
139,408,0.827450833,3.628205417,0,15.90895075,2.487830795,0.35,0,137.2664595,223.1309091,LowAcc,400000,12.1257322,0.024633116,0.571309861,23.19275667,3.507621471,2.290399902,0.687119971,0.185287808,0.470497666,0.15937581,0.351121856,0.142210905,0.182132274,1.704540617,2,0,6,0.23234529,3,1,1,Titan,137.2664595,52.0578577,0,52.2544,85.01205951,5.817186713,5.980433782,0.078997739,2.29717012,0.241618062,13.7210355,4.803176325,0,0.014583564,0,0.0,Conventional,yes,yes,0,spring,0.010453171,100,4.466925563
140,411,0.830232934,2.868863308,0,9.913334369,2.415895986,0.35,0,148.0490427,269.4252587,LowAcc,400000,14.9560629,0.021530944,0.403679328,18.7487987,2.551558448,2.380066602,0.714019981,0.196277534,0.238404098,0.164315307,0.074088791,0.149222122,0.193960995,1.774938397,2,0,4,0.256707974,3,1,1,Titan,148.0490427,61.92137789,0,52.2544,95.79464267,5.600389612,7.241316845,0.081594183,1.163990409,0.280598671,14.79842005,4.692371438,0,0.014583564,0,0.0,Conventional,no,yes,0,spring,0.008474981,100,4.935189144
141,412,0.398003863,2.436312379,0,14.91346833,2.527573952,0.35,0,154.222574,300.7204994,LowAcc,400000,14.19084354,0.049193651,0.974338058,19.80617488,4.474766449,2.443885159,0.733165548,0.278779259,0.33584746,0.123295545,0.212551915,0.15266073,0.274218839,1.825042669,2,0,1,0.272725151,3,1,1,Titan,154.222574,68.94267967,0,52.2544,101.968174,3.372604085,7.520081233,0.082635649,1.63975043,0.307353971,15.41530631,4.673179058,0,0.014583564,0,0.0,Conventional,yes,yes,0,summer,0.008931981,100,3.979979839
142,413,0.503362388,2.84243943,0,16.05098455,2.101356124,0.35,0,135.0269944,223.6356889,LowAcc,400000,13.65328177,0.034353575,0.72867046,21.21090656,3.786151834,2.296776847,0.689033054,0.254650266,0.205532296,0.15469931,0.050832986,0.133728108,0.249459432,1.709547189,2,0,6,0.234161662,3,1,1,Titan,135.0269944,52.75876469,0,52.2544,82.77259438,4.055392827,6.340400153,0.071501626,1.003496262,0.244451762,13.49282504,4.791178452,0,0.014583564,0,0.0,Conventional,no,yes,0,fall,0.009283655,100,4.578661397
143,414,0.620421027,3.012439213,0,14.62682536,2.293606423,0.35,0,142.8617333,251.0695576,LowAcc,400000,13.11244042,0.031801808,0.678153146,21.32435798,3.697276405,2.343885179,0.703165554,0.237321812,0.477611603,0.168473681,0.309137922,0.147553355,0.23293254,1.746532179,2,0,1,0.247166547,3,1,1,Titan,142.8617333,57.94165966,0,52.2544,90.60733331,4.425208692,6.546599549,0.078871847,2.331903392,0.265083212,14.28011785,4.723305539,0,0.014583564,0,0.0,Conventional,yes,no,0,spring,0.009666572,100,4.78576342
144,416,0.93621391,3.014363118,0,9.705458241,2.158596773,0.35,0,142.7095663,248.123409,LowAcc,400000,14.74724212,0.018698888,0.354912917,18.98042863,2.4332184,2.336779945,0.701033984,0.146027137,0.185535632,0.115235733,0.070299899,0.150638162,0.146104595,1.740953824,2,0,1,0.245249218,3,1,1,Titan,142.7095663,57.1592949,0,52.2544,90.45516635,6.157921138,6.880763094,0.078456487,0.905864026,0.262003901,14.26488629,4.731392951,0,0.014583564,0,0.0,Conventional,no,yes,0,winter,0.008594987,100,4.352428543
145,417,1.389939712,3.451270774,0,8.569630647,1.531552372,0.35,0,146.8001994,254.0842634,LowAcc,400000,14.09881407,0.014567403,0.26904873,18.46923085,1.996874155,2.348090133,0.70442704,0.111402054,0.265501552,0.147996971,0.117504581,0.150294122,0.116138438,1.74983351,2,0,3,0.248294269,3,1,1,Titan,146.8001994,58.40383597,0,52.2544,94.54579942,8.251057815,6.835614981,0.085010871,1.296291727,0.266900417,14.67365674,4.718847342,0,0.014583564,0,0.0,Conventional,yes,no,0,summer,0.008990285,100,4.46055503
146,419,1.329537825,3.690695737,0,10.24509026,1.55745516,0.35,0,139.6817848,225.3140706,LowAcc,400000,13.48188986,0.014436475,0.29268668,20.27410961,2.279107336,2.297767913,0.689330374,0.064245644,0.189577061,0.090577857,0.098999204,0.148282415,0.071019805,1.71032528,2,0,2,0.234442688,3,1,1,Titan,139.6817848,52.86786239,0,52.2544,87.42738481,8.193677409,6.348013631,0.081015166,0.925596005,0.244891241,13.96236611,4.789379284,0,0.014583564,0,0.0,Conventional,no,no,0,spring,0.009401675,100,4.210203501
147,420,1.109831266,3.217203681,0,9.326101941,2.403742418,0.35,0,152.2374066,280.2708401,LowAcc,400000,14.88978325,0.016670281,0.313294738,18.79360917,2.296388126,2.400746235,0.72022387,0.090588188,0.129715043,0.056427058,0.073287985,0.150539026,0.094288138,1.791174081,2,0,6,0.262005407,3,1,1,Titan,152.2374066,64.19644591,0,52.2544,99.9830066,7.459385664,7.403124386,0.08822343,0.633324121,0.289349701,15.21693985,4.681629974,0,0.014583564,0,0.0,Conventional,no,no,0,fall,0.008512706,100,3.758646443
148,424,1.188266051,3.105408366,0,8.115658198,2.390671044,0.35,0,165.9906889,327.1357482,LowAcc,400000,15.7989317,0.016310173,0.283387066,17.37486605,2.126545979,2.49593387,0.748780161,0.077820731,0.154648933,0.063274119,0.091374814,0.149342166,0.082942963,1.865906375,2,0,3,0.285122936,3,1,1,Titan,165.9906889,74.66802933,0,52.2544,113.7362889,8.193361431,8.401941458,0.099052126,0.755061999,0.328665547,16.59119183,4.684401637,0,0.014583564,0,0.0,Conventional,no,no,0,spring,0.008022843,100,4.337875833
149,427,0.443395495,2.272309973,0,11.64511744,1.75636542,0.35,0,148.5990173,278.6535151,LowAcc,400000,15.3559764,0.037789796,0.719673016,19.04410979,3.753881194,2.40080742,0.720242226,0.15392808,0.144229854,0.05494521,0.089284644,0.148439811,0.151982725,1.791222118,2,0,2,0.262020922,3,1,1,Titan,148.5990173,64.20299964,0,52.2544,96.34461725,4.04443297,7.478005099,0.07606306,0.704191615,0.289375473,14.85336079,4.681605036,0,0.014583564,0,0.0,Conventional,yes,no,0,spring,0.008254268,100,4.670163372
150,428,0.825590609,2.929261418,0,10.39325346,1.631266073,0.35,0,145.360242,261.2903752,LowAcc,400000,14.70622959,0.021351478,0.41223384,19.30704045,2.609554781,2.361604078,0.708481223,0.191493781,0.212656729,0.141991059,0.07066567,0.149768167,0.189248653,1.760443375,2,0,6,0.251884373,3,1,1,Titan,145.360242,59.89032129,0,52.2544,93.10584204,5.524129623,7.049891857,0.080067365,1.03828078,0.272715182,14.52974924,4.706103142,0,0.014583564,0,0.0,Conventional,no,no,0,winter,0.008618956,100,4.715958338
151,430,0.941515063,3.387907351,0,12.19090025,2.718293135,0.35,0,141.5268491,222.684423,LowAcc,400000,13.73860626,0.018871795,0.403266031,21.36871613,2.781707954,2.332928457,0.699878537,0.108736152,0.128928793,0.054915339,0.074013454,0.114002918,0.109684143,1.737930001,2,0,5,0.244203613,3,1,1,Titan,141.5268491,56.73599694,0,52.2544,89.27244913,6.063787535,6.604287584,0.081182323,0.629485314,0.260330069,14.14672018,4.736075619,0,0.014583564,0,0.0,Conventional,no,yes,0,winter,0.009225998,100,3.596799674
152,433,0.788141383,2.704033094,0,9.277263106,2.170498724,0.35,0,168.7206136,343.9051612,LowAcc,400000,15.85386913,0.023674413,0.431279591,18.21711894,2.675287493,2.530128606,0.759038582,0.134509066,0.166577331,0.082269548,0.084307783,0.150775204,0.134302829,1.892752835,2,0,4,0.292982569,3,1,1,Titan,168.7206136,78.42993066,0,52.2544,116.4662136,6.537959424,8.664094727,0.097343496,0.813301521,0.342444905,16.86396598,4.7025893,0,0.014583564,0,0.0,Conventional,yes,no,0,spring,0.007995042,100,4.402573305
153,438,1.267324406,4.623882522,0,16.87041572,1.948253318,0.35,0,174.1882295,213.2041686,LowAcc,400000,12.20282544,0.019000887,0.467385935,24.59811176,3.119980835,2.713868892,0.814160668,0.142418737,0.228684612,0.110004863,0.118679749,0.149978979,0.142111265,1.018504131,1,0,2,0.225125418,3,1,1,Titan,174.1882295,49.32321817,0,52.2544,114.7185268,8.895542969,8.937383815,0.13569968,1.116535736,0.23047155,17.40970483,28.65538646,0,0.014583564,0,7.215302712,Conventional,no,yes,2,winter,0.010387131,100,3.76863623
154,439,0.742563037,2.939866567,0,11.63916732,2.570426122,0.35,0,140.8633006,243.6812007,LowAcc,400000,14.31818505,0.023199822,0.468547928,20.19618673,2.844682998,2.331314799,0.69939444,0.202906731,0.196794864,0.135168441,0.061626423,0.147224242,0.199803746,1.736663109,2,0,6,0.243764202,3,1,1,Titan,140.8633006,56.55821827,0,52.2544,88.60890064,5.189462711,6.731015696,0.076650035,0.960836395,0.2596278,14.08040484,4.738101337,0,0.014583564,0,0.0,Conventional,no,yes,0,spring,0.008852543,100,4.226168693
155,441,0.864855703,3.754438559,0,16.29845169,2.840323744,0.35,0,146.211492,233.2927341,LowAcc,400000,12.61111865,0.022513164,0.538264902,23.90889606,3.52484367,2.310221912,0.693066574,0.110086662,0.258318259,0.087643696,0.170674563,0.145321114,0.110202958,1.720102977,2,0,1,0.237945844,3,1,1,Titan,146.211492,54.23842845,0,52.2544,88.31321685,6.835619872,6.245047968,0.085268709,1.261219829,0.25039325,14.61443937,4.76821583,0,0.014583564,0,5.643875175,Conventional,yes,yes,2,summer,0.010050841,100,3.497533076
156,447,0.632402277,2.979583132,0,14.03839923,1.679020915,0.35,0,143.2830782,255.5466437,LowAcc,400000,13.96224204,0.026955764,0.588513709,21.83257386,3.307076463,2.355010758,0.706503228,0.230958423,0.176651604,0.119259135,0.057392469,0.151331692,0.226554954,1.755266927,2,0,3,0.250139234,3,1,1,Titan,143.2830782,59.16527415,0,52.2544,91.02867824,4.791032288,6.811879282,0.079311522,0.862488415,0.269883005,14.32220127,4.71202474,0,0.014583564,0,0.0,Conventional,no,no,0,spring,0.009078223,100,4.660380883
157,448,0.593836597,2.22781585,0,8.357793181,2.318620912,0.35,0,192.4444339,455.6219187,LowAcc,400000,18.6107062,0.027815481,0.473781523,17.03301548,2.519552852,2.735353255,0.732602375,0.303964362,0.306320738,0.161427178,0.14489356,0.151660913,0.298123316,2.735353255,3,0,6,0.340058413,3,1,1,Titan,192.4444339,103.1017726,0,52.2544,140.1900339,5.84609936,9.938703545,0.113453187,1.495588389,0.429254758,19.23452559,0.016052865,0,0.014583564,0,0.0,Conventional,yes,no,0,fall,0.006810722,100,3.998152639
158,449,0.521876861,2.309369469,0,10.2192447,2.25217678,0.35,0,151.6506111,287.8329739,LowAcc,400000,15.57951276,0.033224348,0.606224956,18.24640636,3.24246053,2.417037471,0.725111241,0.191079901,0.247108532,0.136616965,0.110491567,0.149569196,0.188385898,1.803964413,2,0,3,0.266104425,3,1,1,Titan,151.6506111,65.98843186,0,52.2544,99.39621113,4.303608099,7.673703779,0.078584166,1.206489165,0.296187568,15.1582837,4.676339227,0,0.014583564,0,0.0,Conventional,yes,yes,0,fall,0.008135835,100,4.245063617
159,451,0.483372258,2.750003939,0,15.64533657,1.697573095,0.35,0,137.296368,233.1087789,LowAcc,400000,14.03909206,0.034662315,0.729734222,21.05266854,3.973289442,2.315284841,0.694585452,0.18090164,0.119982919,0.083652979,0.03632994,0.139317804,0.177762979,1.724077909,2,0,6,0.239355326,3,1,1,Titan,137.296368,54.79477308,0,52.2544,85.041968,4.28361391,6.553751052,0.072484458,0.585807744,0.252619282,13.72398338,4.760351525,0,0.014583564,0,0.0,Conventional,no,no,0,winter,0.009028529,100,4.940432267
160,452,1.299331908,3.91547324,0,11.79908736,2.468216421,0.35,0,139.4733497,211.9490254,LowAcc,400000,12.92349684,0.01501842,0.325444155,21.6696662,2.438942136,2.306113667,0.6918341,0.095145165,0.174513381,0.06594239,0.108570991,0.101032117,0.098647025,1.716877574,2,0,6,0.236795974,3,1,1,Titan,139.4733497,53.78623945,0,52.2544,87.21894968,7.238691517,6.279180674,0.083174858,0.852048699,0.248582459,13.9415421,4.774906355,0,0.014583564,0,0.0,Conventional,no,yes,0,winter,0.009807899,100,4.860095069
161,453,0.770459353,2.982741567,0,11.54732851,2.474533424,0.35,0,162.5302288,321.3525919,LowAcc,400000,14.3348028,0.025398114,0.519836057,20.46750653,3.02791192,2.486407283,0.745922185,0.210178214,0.331891454,0.129402826,0.202488628,0.15221322,0.206913138,1.858427003,2,0,1,0.282894369,3,1,1,Titan,162.5302288,73.62068625,0,52.2544,110.2758288,5.772242576,7.901472102,0.095389868,1.620435523,0.324796292,16.24543882,4.68078385,0,0.014583564,0,0.0,Conventional,yes,yes,0,summer,0.008842281,100,4.554402417
162,454,0.481777783,2.484683642,0,12.8143161,2.089939607,0.35,0,134.6787931,226.9396119,LowAcc,400000,14.70095135,0.032452183,0.654978428,20.18287762,3.478858875,2.297671263,0.689301379,0.217487955,0.127244975,0.095623469,0.031621506,0.147740122,0.213788713,1.7102494,2,0,1,0.234415297,3,1,1,Titan,134.6787931,52.8567948,0,52.2544,82.42439307,3.809861122,6.561540542,0.067921074,0.621264197,0.244848393,13.4580254,4.789553977,0,0.014583564,0,0.0,Conventional,no,no,0,winter,0.008622051,100,3.717900187
163,456,0.844279741,3.053909615,0,11.0465329,1.469313698,0.35,0,155.8275907,273.1903984,LowAcc,400000,14.69798091,0.02189243,0.432621462,19.76123573,2.709306386,2.386908139,0.716072442,0.198661487,0.243987912,0.165993402,0.07799451,0.150493752,0.196093479,1.780309722,2,0,6,0.258472566,3,1,1,Titan,155.8275907,62.67413509,0,52.2544,97.70288212,5.890552733,7.297929391,0.087381789,1.191252968,0.283502867,15.57524732,4.688296395,0,0.014583564,0,5.870308587,Conventional,no,yes,2,fall,0.008623793,100,2.665347872
164,458,0.520805771,2.177770611,0,9.106436792,2.461814693,0.35,0,177.1830881,403.5664632,LowAcc,400000,18.79353419,0.027795858,0.487747433,17.54748632,2.822690024,2.653058118,0.711638267,0.15805593,0.073376742,0.045262073,0.028114669,0.148274651,0.15631171,2.653058118,3,0,3,0.318922367,3,1,1,Titan,177.1830881,91.57017406,0,52.2544,124.9286881,5.529843082,9.239390729,0.100479926,0.358256526,0.389380928,17.70955364,0.017025615,0,0.014583564,0,0.0,Conventional,no,yes,0,fall,0.006744466,100,3.180084229
165,459,0.504888911,2.364090402,0,11.06961018,1.675328517,0.35,0,170.8232685,360.6722369,LowAcc,400000,16.00800991,0.036309314,0.668562382,18.41297175,3.455349127,2.565532807,0.769659842,0.208135508,0.132382655,0.101311518,0.031071137,0.151352999,0.205172561,1.920548852,2,0,1,0.30090396,3,1,1,Titan,170.8232685,82.32475535,0,52.2544,118.5688685,4.313678747,9.014084957,0.095550079,0.64634854,0.35654167,17.07405008,4.729275537,0,0.014583564,0,0.0,Conventional,no,yes,0,spring,0.007918058,100,3.039113837
166,461,0.421075865,2.335004323,0,12.94836784,2.606129919,0.35,0,166.9941808,350.4280123,LowAcc,400000,15.45720366,0.044764636,0.840513243,18.77627796,4.026821517,2.542891304,0.762867391,0.245283294,0.137356323,0.101797567,0.035558756,0.149317842,0.241521151,1.902772894,2,0,1,0.295862563,3,1,1,Titan,166.9941808,79.8341348,0,52.2544,114.7397808,3.714490684,8.663470842,0.092140197,0.670632107,0.347545881,16.69144861,4.711334148,0,0.014583564,0,0.0,Conventional,no,no,0,spring,0.008200212,100,4.096433646
167,463,0.554387461,2.697896217,0,13.12916419,1.746811146,0.35,0,133.4810209,214.4965218,LowAcc,400000,13.5803749,0.03217077,0.661070888,20.54880532,3.530303728,2.276266967,0.68288009,0.240727578,0.40871108,0.155304648,0.253406432,0.141315249,0.236252214,1.693444779,2,0,1,0.228268243,3,1,1,Titan,133.4810209,50.50239888,0,52.2544,81.22662085,4.048871429,6.190500248,0.068537009,1.995501675,0.235300584,13.33844923,4.83247823,0,0.014583564,0,0.0,Conventional,yes,yes,0,winter,0.009333494,100,4.76276618
168,465,0.95748469,3.150855192,0,10.36871769,1.981565432,0.35,0,140.6309764,239.0799404,LowAcc,400000,14.10740519,0.018682319,0.373697596,20.00274192,2.582470078,2.318202158,0.695460647,0.101102039,0.160772304,0.065738914,0.09503339,0.149833293,0.103153304,1.726368309,2,0,6,0.240163729,3,1,1,Titan,140.6309764,55.11570992,0,52.2544,88.37657639,6.710600289,6.605754039,0.077865318,0.784958905,0.253899197,14.05719835,4.756006807,0,0.014583564,0,0.0,Conventional,yes,yes,0,fall,0.00898481,100,3.714276037
169,470,0.580686809,3.133002574,0,16.90361306,1.490353516,0.35,0,144.4995399,258.9533266,LowAcc,400000,12.67517998,0.035947879,0.784299005,21.81767097,4.098641731,2.356024058,0.706807217,0.268303113,0.540310397,0.164365985,0.415944412,0.149644192,0.262931117,1.756062474,2,0,6,0.250408228,3,1,1,Titan,144.4995399,59.27731974,0,52.2544,92.24513986,4.271743064,6.536884988,0.081404776,2.638025625,0.270318859,14.44378078,4.711078458,0,0.014583564,0,0.0,Conventional,yes,yes,0,summer,0.010000044,100,4.435790312
170,471,0.45036703,2.127604749,0,10.05113977,1.882960487,0.35,0,158.2130983,317.2658189,LowAcc,400000,16.5734673,0.036229513,0.647611459,17.87524627,3.330883431,2.474491478,0.742347444,0.193771413,0.094731942,0.063166263,0.031565679,0.151785815,0.191148896,1.849071845,2,0,2,0.280081928,3,1,1,Titan,158.2130983,72.30877033,0,52.2544,105.9586983,3.90743403,8.37248891,0.081754387,0.462521713,0.319937267,15.81400059,4.677207535,0,0.014583564,0,0.0,Conventional,no,yes,0,winter,0.007647908,100,4.827454218
171,472,1.292965832,3.382450097,0,8.848624128,2.795573378,0.35,0,156.843352,291.5822248,LowAcc,400000,14.84869449,0.015053367,0.278591559,18.50692649,2.114651363,2.427308037,0.728192411,0.089241631,0.148683956,0.059266296,0.08941766,0.149084048,0.094430105,1.812027886,2,0,4,0.26865645,3,1,1,Titan,156.843352,67.11866985,0,52.2544,104.588952,8.393760243,7.590380912,0.093615306,0.725938439,0.300473979,15.67718616,4.674343546,0,0.014583564,0,0.0,Conventional,no,no,0,summer,0.008536262,100,3.964088699
172,474,0.39312953,2.227685783,0,12.62327953,1.599746399,0.35,0,146.1486807,273.2771142,LowAcc,400000,15.43528785,0.042010999,0.790123896,18.80754828,4.057596326,2.388174576,0.716452373,0.156384505,0.086751188,0.056789615,0.029961573,0.149458261,0.154383959,1.781304008,2,0,4,0.25879789,3,1,1,Titan,146.1486807,62.81317843,0,52.2544,93.89428068,3.595674878,7.393230493,0.073906689,0.423556271,0.28403947,14.60851118,4.687599704,0,0.014583564,0,0.0,Conventional,no,no,0,winter,0.008211855,100,4.017504669
173,475,1.06285562,3.344035949,0,10.52125634,2.044407244,0.35,0,151.4871945,276.3766004,LowAcc,400000,14.40424792,0.017281107,0.347845112,20.12863605,2.508591003,2.396447699,0.71893431,0.091723575,0.113983783,0.044778591,0.069205192,0.148391947,0.094795669,1.787799279,2,0,5,0.26091312,3,1,1,Titan,151.4871945,63.7237729,0,52.2544,99.23279452,7.497500718,7.238516044,0.088900223,0.556517406,0.287537361,15.14198577,4.683480525,0,0.014583564,0,0.0,Conventional,no,yes,0,spring,0.008799651,100,4.738729022
174,481,0.840668423,3.082721557,0,11.30430493,2.225115569,0.35,0,135.6416826,217.0020981,LowAcc,400000,13.49117817,0.022008613,0.448883982,20.39583246,2.791751054,2.280655451,0.684196635,0.195188542,0.394341942,0.151894752,0.24244719,0.144665065,0.192463149,1.6968902,2,0,1,0.229541978,3,1,1,Titan,135.6416826,50.98522953,0,52.2544,83.38728264,5.558465074,6.216037346,0.073159344,1.92534542,0.237267851,13.55422791,4.822966593,0,0.014583564,0,0.0,Conventional,yes,no,0,fall,0.009395203,100,4.479420862
175,483,0.873001405,3.153490428,0,11.39116366,2.728779876,0.35,0,142.7953342,228.7484646,LowAcc,400000,14.15741356,0.020314485,0.41323459,20.34186891,2.730850465,2.344880335,0.703464101,0.147005824,0.172912411,0.103649579,0.069262832,0.070377018,0.146259709,1.747313481,2,0,1,0.247433901,3,1,1,Titan,142.7953342,58.05072466,0,52.2544,90.54093417,5.515284209,6.774658086,0.080244676,0.844232082,0.265513621,14.27346455,4.722228723,0,0.014583564,0,0.0,Conventional,no,no,0,winter,0.008953073,100,4.672726816
176,485,1.148222143,3.69853615,0,11.91334772,1.545867276,0.35,0,136.3540045,216.0140225,LowAcc,400000,12.82569058,0.016756899,0.365549247,21.81484986,2.639148228,2.277931706,0.683379512,0.089770684,0.192969387,0.050780497,0.14218889,0.146970291,0.093275762,1.694751774,2,0,1,0.22875226,3,1,1,Titan,136.3540045,50.68584213,0,52.2544,84.09960454,7.622941589,6.060877698,0.078478399,0.942158786,0.236047454,13.62984975,4.828825168,0,0.014583564,0,0.0,Conventional,yes,no,0,summer,0.009882692,100,4.203675126
177,486,0.508188511,2.144594764,0,9.05035553,2.846351881,0.35,0,176.2469411,398.8370952,LowAcc,400000,18.21805083,0.030613911,0.529125092,17.28381243,2.890580254,2.645055781,0.709599728,0.196108757,0.211781429,0.126341803,0.085439626,0.148050478,0.193161724,2.645055781,3,0,4,0.316791888,3,1,1,Titan,176.2469411,90.44906721,0,52.2544,123.9925411,5.339308458,9.037945956,0.099026404,1.034007193,0.385442375,17.61602497,0.017134936,0,0.014583564,0,0.0,Conventional,yes,no,0,winter,0.006957514,100,3.016765829
178,487,0.574438928,2.380784346,0,9.867252768,1.829910918,0.35,0,151.1690545,283.2370971,LowAcc,400000,15.58459076,0.030013131,0.548647821,18.28025959,3.035057182,2.410236853,0.723071056,0.188196089,0.250194037,0.141729417,0.10846462,0.148880736,0.185602822,1.798625213,2,0,1,0.264401057,3,1,1,Titan,151.1690545,65.2402818,0,52.2544,98.91465451,4.66095975,7.616613334,0.078932885,1.221553915,0.293339027,15.11016725,4.678222985,0,0.014583564,0,0.0,Conventional,yes,no,0,spring,0.008133184,100,3.541654598
179,489,1.095762527,3.440063124,0,10.79981657,1.877889734,0.35,0,161.289926,310.2162801,LowAcc,400000,13.75061101,0.01930017,0.39419602,20.42448454,2.575014833,2.462693218,0.738807965,0.188647677,0.403219432,0.156958953,0.246260479,0.151944659,0.18700087,1.83980897,2,0,6,0.277269125,3,1,1,Titan,161.289926,71.01210639,0,52.2544,109.035526,7.260376867,7.569892929,0.098499258,1.968689109,0.315104421,16.1215247,4.674748715,0,0.014583564,0,0.0,Conventional,yes,yes,0,summer,0.009217943,100,3.406574152
180,495,1.373581104,4.45463598,0,14.4467492,1.890106481,0.35,0,167.2496951,216.0176459,LowAcc,400000,11.80690091,0.018940203,0.442287454,23.35178034,2.988762026,2.729332398,0.818799719,0.135698304,0.330270469,0.09746534,0.242805129,0.149195763,0.136484446,1.024574369,1,0,1,0.227395749,3,1,1,Titan,167.2496951,50.17402353,0,52.2544,114.9952951,8.449566853,8.84586298,0.130693309,1.612521183,0.2339564,16.71695104,28.81713622,0,0.014583564,0,0.0,Conventional,yes,no,0,winter,0.010735446,100,4.816982638
181,497,0.761154033,2.66628211,0,9.339844472,1.993906698,0.35,0,154.1193078,291.4309295,LowAcc,400000,15.3523062,0.023874963,0.435013445,18.22048696,2.644976249,2.423345349,0.727003605,0.176922352,0.272159074,0.138124278,0.134034796,0.149802258,0.175101237,1.80891676,2,0,4,0.267674686,3,1,1,Titan,154.1193078,66.6824772,0,52.2544,101.8649078,5.693951765,7.682006589,0.08430193,1.328796587,0.298822351,15.40497309,4.674994707,0,0.014583564,0,0.0,Conventional,yes,no,0,winter,0.008256242,100,3.466229087
182,499,0.613303709,2.871274285,0,13.44230582,2.159308871,0.35,0,144.2330523,258.3035118,LowAcc,400000,13.85709074,0.02879828,0.620169654,21.53495448,3.527992561,2.359098178,0.707729453,0.182389684,0.245656642,0.068788853,0.176867789,0.148188097,0.17954286,1.758475981,2,0,1,0.251222532,3,1,1,Titan,144.2330523,59.61499814,0,52.2544,91.97865234,4.854285965,6.819472297,0.078853744,1.199400419,0.27163983,14.41712991,4.70828847,0,0.014583564,0,0.0,Conventional,yes,yes,0,spring,0.009147111,100,3.421931663
183,503,0.45676181,2.534547465,0,14.06407172,2.258567794,0.35,0,135.6916503,228.9666385,LowAcc,400000,13.82784908,0.039061079,0.786718762,20.1407328,4.011198006,2.300638598,0.690191579,0.226295033,0.325618181,0.123944033,0.201674148,0.146764683,0.222418365,1.712579069,2,0,6,0.235254802,3,1,1,Titan,135.6916503,53.18356573,0,52.2544,83.43725028,3.59390815,6.396788238,0.068971409,1.58980673,0.246162841,13.55919829,4.784265325,0,0.014583564,0,0.0,Conventional,yes,no,0,winter,0.009166455,100,2.739169262
184,504,0.616112849,2.691665525,0,11.75931213,2.147541345,0.35,0,137.1451476,231.4347639,LowAcc,400000,14.18285149,0.027370768,0.560348869,20.47252972,3.188212764,2.304950171,0.691485051,0.198770798,0.278150387,0.104815119,0.173335268,0.148853577,0.195623505,1.715964107,2,0,6,0.236469303,3,1,1,Titan,137.1451476,53.65776915,0,52.2544,84.89074755,4.542858574,6.512335666,0.071354786,1.35804873,0.248068883,13.70887571,4.776852485,0,0.014583564,0,0.0,Conventional,yes,no,0,winter,0.008937015,100,2.827141147
185,511,0.636250446,3.154375188,0,15.63862609,2.58925957,0.35,0,149.3091636,252.6006038,LowAcc,400000,13.91442467,0.027127526,0.613752516,22.62471404,3.538569373,2.3485728,0.70457184,0.195178973,0.151615625,0.08788425,0.063731375,0.145665744,0.191626684,1.750212453,2,0,6,0.248423387,3,1,1,Titan,149.3091636,58.45702452,0,52.2544,91.33650347,5.32210709,6.809780321,0.08336698,0.740252096,0.267108762,14.92392923,4.7183509,0,0.014583564,0,5.718260104,Conventional,no,yes,2,spring,0.009109421,100,2.646271414
186,512,0.855698204,3.326090216,0,12.92847884,1.758581518,0.35,0,143.3879478,248.6917619,LowAcc,400000,12.93571817,0.023563537,0.507079868,21.51968437,3.052202472,2.338575633,0.70157269,0.221607717,0.488799818,0.168129598,0.34067022,0.149925677,0.21782756,1.742363627,2,0,5,0.245735192,3,1,1,Titan,143.3879478,57.35759636,0,52.2544,91.13354784,5.484143103,6.484145402,0.081779628,2.386529026,0.262783172,14.33270538,4.729282198,0,0.014583564,0,0.0,Conventional,yes,no,0,spring,0.009798633,100,4.051084924
187,519,1.206878561,3.05582162,0,7.737353264,1.498147386,0.35,0,175.2620886,359.0537876,LowAcc,400000,15.97714134,0.016880011,0.28806579,17.0654973,2.032638047,2.558366407,0.767509922,0.113597206,0.193591921,0.112798464,0.080793457,0.151082868,0.117046862,1.914922475,2,0,5,0.299317461,3,1,1,Titan,175.2620886,81.5363801,0,52.2544,123.0076886,8.823877803,8.986250498,0.10681417,0.945198263,0.353701626,17.51761197,4.723270643,0,0.014583564,0,0.0,Conventional,yes,no,0,winter,0.007933356,100,4.391797992
188,523,0.617372056,2.758038273,0,12.32121707,2.532925069,0.35,0,136.0319478,227.0380512,LowAcc,400000,14.07697349,0.026564968,0.563042001,21.19490602,3.284641446,2.297540932,0.689262279,0.168153147,0.209250797,0.058750596,0.150500201,0.147704097,0.165845095,1.710147076,2,0,2,0.234378355,3,1,1,Titan,136.0319478,52.84268225,0,52.2544,83.77754782,4.759273533,6.435952851,0.071181909,1.021651569,0.244790609,13.59764172,4.78978981,0,0.014583564,0,0.0,Conventional,yes,no,0,spring,0.009004233,100,4.314623836
189,526,1.061679252,3.762727816,0,13.33559132,2.726104812,0.35,0,135.997892,216.049168,LowAcc,400000,12.74610268,0.017932843,0.399254162,22.26385189,2.715266872,2.279672159,0.683901648,0.162743024,0.257536372,0.16900607,0.088530302,0.14408421,0.16161429,1.696118212,2,0,2,0.229257198,3,1,1,Titan,135.997892,50.87735642,0,52.2544,83.74349203,6.81534734,6.048202393,0.078887862,1.257402324,0.236827505,13.58981987,4.825064755,0,0.014583564,0,0.0,Conventional,no,yes,0,summer,0.009944401,100,4.715339537
190,531,0.389614081,2.285973986,0,13.41244405,1.830380431,0.35,0,145.975384,272.5147573,LowAcc,400000,15.14171002,0.042289109,0.827485825,19.56735065,4.036577457,2.388246399,0.71647392,0.22844821,0.101442339,0.072487885,0.028954454,0.151103618,0.224799849,1.781360397,2,0,1,0.258816328,3,1,1,Titan,145.975384,62.82119136,0,52.2544,93.72098404,3.428548738,7.32399473,0.074550999,0.495284731,0.284069893,14.5911993,4.687560725,0,0.014583564,0,0.0,Conventional,no,yes,0,summer,0.008371072,100,2.717762917
191,532,0.429633026,2.700614594,0,16.97569494,2.752672775,0.35,0,150.1904614,283.3890357,LowAcc,400000,13.59157735,0.045437259,0.958231407,21.08911108,4.652894183,2.411547053,0.723464116,0.248566249,0.340138512,0.096648909,0.243489603,0.144677159,0.244225399,1.799653858,2,0,4,0.264730078,3,1,1,Titan,150.1904614,65.38526592,0,52.2544,97.93606137,3.666250181,7.142779789,0.082352168,1.660701174,0.293888471,15.01241567,4.677824428,0,0.014583564,0,0.0,Conventional,yes,yes,0,spring,0.009325801,100,3.180842134
192,537,1.035452879,3.014590709,0,8.776601356,2.491554485,0.35,0,148.4606287,264.6407179,LowAcc,400000,14.74472408,0.01838113,0.33394357,18.16773935,2.232690847,2.370288327,0.711086498,0.16391035,0.319323063,0.164925427,0.154397636,0.150102146,0.16376786,1.767261424,2,0,1,0.254164661,3,1,1,Titan,148.4606287,60.84569666,0,52.2544,96.20622867,6.74758939,7.141397694,0.082767675,1.559071281,0.276431885,14.83955667,4.699133846,0,0.014583564,0,0.0,Conventional,yes,yes,0,winter,0.008596455,100,3.762896012
193,538,1.041306527,3.936422414,0,14.88074935,1.567570041,0.35,0,141.7931647,200.8882269,LowAcc,400000,12.85564367,0.017728455,0.417209783,23.53334119,2.960166024,2.282748772,0.684824632,0.091580816,0.1330789,0.045588198,0.087490702,0.110373572,0.093436419,1.698533676,2,0,5,0.23014707,3,1,1,Titan,141.7931647,51.21576507,0,52.2544,84.34122727,7.001751836,6.146508774,0.083134015,0.649747905,0.238204453,14.1729691,4.818562549,0,0.014583564,0,5.197537462,Conventional,no,yes,2,winter,0.009859666,100,3.100808953
